정류장번호,정류장명,위도,경도,정보수집일,모바일단축번호,도시코드,도시명,관리도시명
DJB8001250,남선공원네거리,36.347336,127.401566,2025-10-31,31260,25,대전광역시,대전BIS
DJB8001251,남선공원종합체육관,36.349113,127.399124,2025-10-31,31320,25,대전광역시,대전BIS
DJB8001252,남선공원종합체육관,36.348804,127.39831,2025-10-31,31240,25,대전광역시,대전BIS
DJB8001253,e편한세상아파트,36.280586,127.46806,2025-10-31,13440,25,대전광역시,대전BIS
DJB8001254,e편한세상아파트,36.281143,127.46756,2025-10-31,13430,25,대전광역시,대전BIS
DJB8001255,봉산중학교입구,36.32952,127.37572,2025-10-31,30220,25,대전광역시,대전BIS
DJB8001256,변동근린공원,36.325325,127.37373,2025-10-31,30570,25,대전광역시,대전BIS
DJB8001257,변동근린공원,36.326096,127.37399,2025-10-31,30590,25,대전광역시,대전BIS
DJB8001258,내동네거리,36.329857,127.37566,2025-10-31,30230,25,대전광역시,대전BIS
DJB8001259,내동네거리,36.331738,127.376144,2025-10-31,31650,25,대전광역시,대전BIS
DJB8001260,내동중학교,36.331726,127.37101,2025-10-31,30200,25,대전광역시,대전BIS
DJB8001261,내동중학교,36.331684,127.37121,2025-10-31,30210,25,대전광역시,대전BIS
DJB8001262,내동초등학교,36.32969,127.379906,2025-10-31,30300,25,대전광역시,대전BIS
DJB8001263,내동초등학교,36.32981,127.37877,2025-10-31,30280,25,대전광역시,대전BIS
DJB8001264,내동주민센터,36.331932,127.377556,2025-10-31,31660,25,대전광역시,대전BIS
DJB8001265,냉천골종점,36.41541,127.49082,2025-10-31,12860,25,대전광역시,대전BIS
DJB8001266,노루벌,36.272972,127.34372,2025-10-31,33790,25,대전광역시,대전BIS
DJB8001267,노루벌,36.27308,127.34391,2025-10-31,33800,25,대전광역시,대전BIS
DJB8001268,노은농수산물시장,36.366756,127.32178,2025-10-31,42270,25,대전광역시,대전BIS
DJB8001269,노은농수산물시장,36.367016,127.321205,2025-10-31,42260,25,대전광역시,대전BIS
DJB8001270,노은농수산시장,36.364708,127.31764,2025-10-31,42210,25,대전광역시,대전BIS
DJB8001271,노은농수산시장,36.364563,127.317955,2025-10-31,42240,25,대전광역시,대전BIS
DJB8001272,노은역,36.374153,127.31789,2025-10-31,42330,25,대전광역시,대전BIS
DJB8001273,노은역,36.374744,127.318085,2025-10-31,42360,25,대전광역시,대전BIS
DJB8001275,녹원아파트,36.346066,127.38176,2025-10-31,32260,25,대전광역시,대전BIS
DJB8001276,구농도원,36.31997,127.3776,2025-10-31,30660,25,대전광역시,대전BIS
DJB8001277,구농도원,36.320915,127.378,2025-10-31,30670,25,대전광역시,대전BIS
DJB8001278,구농도원네거리,36.31752,127.37843,2025-10-31,30690,25,대전광역시,대전BIS
DJB8001279,구농도원네거리,36.317562,127.37806,2025-10-31,30680,25,대전광역시,대전BIS
DJB8001280,농산물유통센터,36.28847,127.380196,2025-10-31,22470,25,대전광역시,대전BIS
DJB8001281,농산물유통센터,36.28877,127.38014,2025-10-31,22460,25,대전광역시,대전BIS
DJB8001282,장대네거리,36.36545,127.335724,2025-10-31,42070,25,대전광역시,대전BIS
DJB8001283,북부여성가족원,36.431534,127.38721,2025-10-31,44840,25,대전광역시,대전BIS
DJB8001284,북부여성가족원,36.429676,127.38679,2025-10-31,44850,25,대전광역시,대전BIS
DJB8001285,대광로제비앙아파트,36.44269,127.38441,2025-10-31,46770,25,대전광역시,대전BIS
DJB8001286,대광로제비앙아파트,36.44248,127.38485,2025-10-31,46780,25,대전광역시,대전BIS
DJB8001287,누리아파트,36.35968,127.371956,2025-10-31,32860,25,대전광역시,대전BIS
DJB8001288,누리아파트후문,36.35917,127.374146,2025-10-31,32880,25,대전광역시,대전BIS
DJB8001289,느리울12단지,36.298183,127.340866,2025-10-31,33610,25,대전광역시,대전BIS
DJB8001290,느리울12단지,36.298435,127.34066,2025-10-31,33580,25,대전광역시,대전BIS
DJB8001291,느리울13단지,36.296593,127.33983,2025-10-31,33550,25,대전광역시,대전BIS
DJB8001292,느리울13단지,36.2969,127.33983,2025-10-31,33570,25,대전광역시,대전BIS
DJB8001293,한국연구재단,36.385647,127.363686,2025-10-31,43460,25,대전광역시,대전BIS
DJB8001296,다솔아파트,36.36134,127.34719,2025-10-31,42680,25,대전광역시,대전BIS
DJB8001298,KT&G,36.43789,127.427376,2025-10-31,53020,25,대전광역시,대전BIS
DJB8001299,KT&G연구소,36.3842,127.34731,2025-10-31,42970,25,대전광역시,대전BIS
DJB8001300,답적골,36.24613,127.40583,2025-10-31,22940,25,대전광역시,대전BIS
DJB8001301,답적골,36.24609,127.40576,2025-10-31,22950,25,대전광역시,대전BIS
DJB8001302,대고오거리,36.323128,127.42219,2025-10-31,20620,25,대전광역시,대전BIS
DJB8001303,테크노밸리2단지,36.41863,127.383026,2025-10-31,44510,25,대전광역시,대전BIS
DJB8001304,테크노밸리2단지,36.418896,127.38294,2025-10-31,44520,25,대전광역시,대전BIS
DJB8001305,테크노밸리5단지,36.420033,127.38616,2025-10-31,44540,25,대전광역시,대전BIS
DJB8001306,테크노밸리4단지,36.42006,127.38592,2025-10-31,44530,25,대전광역시,대전BIS
DJB8001309,한국교통안전공단,36.446476,127.40726,2025-10-31,51930,25,대전광역시,대전BIS
DJB8001310,한국교통안전공단,36.446312,127.406334,2025-10-31,51810,25,대전광역시,대전BIS
DJB8001311,대덕고등학교,36.386528,127.37881,2025-10-31,43200,25,대전광역시,대전BIS
DJB8001312,대덕고등학교,36.386528,127.37846,2025-10-31,43160,25,대전광역시,대전BIS
DJB8001313,대덕구보건소,36.443275,127.42538,2025-10-31,52130,25,대전광역시,대전BIS
DJB8001314,대덕구보건소,36.44348,127.42536,2025-10-31,52120,25,대전광역시,대전BIS
DJB8001318,대덕대학교,36.39007,127.362274,2025-10-31,43420,25,대전광역시,대전BIS
DJB8001319,대덕대학교,36.390736,127.36219,2025-10-31,43430,25,대전광역시,대전BIS
DJB8001320,북대전IC네거리,36.417835,127.378105,2025-10-31,43540,25,대전광역시,대전BIS
DJB8001321,북대전IC네거리,36.417473,127.3783,2025-10-31,43550,25,대전광역시,대전BIS
DJB8001324,대덕중학교,36.380196,127.37876,2025-10-31,43170,25,대전광역시,대전BIS
DJB8002457,은혜아파트,36.301357,127.45215,2025-10-31,20950,25,대전광역시,대전BIS
DJB8002460,읍내네거리,36.372246,127.42007,2025-10-31,50650,25,대전광역시,대전BIS
DJB8002461,읍내네거리,36.372646,127.420265,2025-10-31,50660,25,대전광역시,대전BIS
DJB8002462,당아래,36.37465,127.41782,2025-10-31,50630,25,대전광역시,대전BIS
DJB8002463,당아래,36.374733,127.41849,2025-10-31,50640,25,대전광역시,대전BIS
DJB8002464,읍내동현대아파트,36.37835,127.426674,2025-10-31,50720,25,대전광역시,대전BIS
DJB8002465,제월당,36.37854,127.42702,2025-10-31,50730,25,대전광역시,대전BIS
DJB8002466,이마트,36.355686,127.37889,2025-10-31,32110,25,대전광역시,대전BIS
DJB8002467,이마트,36.355984,127.37849,2025-10-31,32090,25,대전광역시,대전BIS
DJB8002468,이마트,36.355156,127.37922,2025-10-31,32130,25,대전광역시,대전BIS
DJB8002469,이사동,36.286053,127.446434,2025-10-31,13560,25,대전광역시,대전BIS
DJB8002470,이사동,36.286068,127.44632,2025-10-31,14290,25,대전광역시,대전BIS
DJB8002471,이사동상사,36.281803,127.443146,2025-10-31,13561,25,대전광역시,대전BIS
DJB8002472,이사동입구,36.28728,127.45868,2025-10-31,13520,25,대전광역시,대전BIS
DJB8002473,이사동입구,36.287285,127.458725,2025-10-31,13510,25,대전광역시,대전BIS
DJB8002474,이현동,36.412,127.467384,2025-10-31,52590,25,대전광역시,대전BIS
DJB8002475,이현동,36.41203,127.46724,2025-10-31,52570,25,대전광역시,대전BIS
DJB8002476,이현동,36.414997,127.457924,2025-10-31,52550,25,대전광역시,대전BIS
DJB8002477,이현동,36.414913,127.45786,2025-10-31,52540,25,대전광역시,대전BIS
DJB8002478,이현동마을정보센터,36.41138,127.46309,2025-10-31,52580,25,대전광역시,대전BIS
DJB8002479,이현동마을정보센터,36.411682,127.46269,2025-10-31,52560,25,대전광역시,대전BIS
DJB8002480,인동네거리,36.32178,127.43868,2025-10-31,10120,25,대전광역시,대전BIS
DJB8002481,인동네거리,36.32267,127.43716,2025-10-31,10100,25,대전광역시,대전BIS
DJB8002482,신인동주민센터,36.323513,127.437065,2025-10-31,10090,25,대전광역시,대전BIS
DJB8002483,인동현대아파트,36.319748,127.43852,2025-10-31,10110,25,대전광역시,대전BIS
DJB8002484,인동현대아파트,36.319553,127.438934,2025-10-31,10130,25,대전광역시,대전BIS
DJB8002485,자양동,36.34058,127.448616,2025-10-31,11320,25,대전광역시,대전BIS
DJB8002486,자양동주민센터,36.335636,127.44929,2025-10-31,11350,25,대전광역시,대전BIS
DJB8002487,자양동주민센터,36.335342,127.44951,2025-10-31,11360,25,대전광역시,대전BIS
DJB8002488,자양초등학교,36.33128,127.44392,2025-10-31,11280,25,대전광역시,대전BIS
DJB8002489,합동군사대학교,36.412903,127.34553,2025-10-31,43650,25,대전광역시,대전BIS
DJB8002490,자운대네거리,36.394432,127.34977,2025-10-31,43710,25,대전광역시,대전BIS
DJB8002491,자운대네거리,36.395054,127.34872,2025-10-31,43700,25,대전광역시,대전BIS
DJB8002492,유성초네거리,36.361187,127.33618,2025-10-31,42090,25,대전광역시,대전BIS
DJB8002493,유성초네거리,36.361412,127.336006,2025-10-31,42080,25,대전광역시,대전BIS
DJB8002494,장대중학교,36.360867,127.33898,2025-10-31,42150,25,대전광역시,대전BIS
DJB8002495,장대초등학교,36.361195,127.33887,2025-10-31,42160,25,대전광역시,대전BIS
DJB8002496,장동1구,36.415207,127.44043,2025-10-31,52480,25,대전광역시,대전BIS
DJB8002497,장동1구,36.415222,127.440605,2025-10-31,52490,25,대전광역시,대전BIS
DJB8002498,장동2구,36.394997,127.44254,2025-10-31,52510,25,대전광역시,대전BIS
DJB8002499,장동고개,36.40951,127.43237,2025-10-31,50900,25,대전광역시,대전BIS
DJB8002500,장동고개,36.409557,127.43221,2025-10-31,50890,25,대전광역시,대전BIS
DJB8002501,장동약수터,36.40408,127.430374,2025-10-31,50870,25,대전광역시,대전BIS
DJB8002502,장동,36.41685,127.44136,2025-10-31,53100,25,대전광역시,대전BIS
DJB8002503,장동지구산림욕장,36.407284,127.438896,2025-10-31,52470,25,대전광역시,대전BIS
DJB8002504,장동지구산림욕장,36.406883,127.438705,2025-10-31,52460,25,대전광역시,대전BIS
DJB8002505,장동초등학교,36.413387,127.4376,2025-10-31,52410,25,대전광역시,대전BIS
DJB8002506,장동초등학교,36.413628,127.437874,2025-10-31,52420,25,대전광역시,대전BIS
DJB8002508,장미아파트,36.336983,127.39183,2025-10-31,30940,25,대전광역시,대전BIS
DJB8002509,효문화마을/뿌리공원,36.28538,127.38376,2025-10-31,22540,25,대전광역시,대전BIS
DJB8002512,장안동,36.214123,127.33693,2025-10-31,34150,25,대전광역시,대전BIS
DJB8002513,장안동,36.214138,127.33683,2025-10-31,34140,25,대전광역시,대전BIS
DJB8002514,장안저수지,36.22686,127.34557,2025-10-31,34220,25,대전광역시,대전BIS
DJB8002515,장안저수지,36.226814,127.34573,2025-10-31,34230,25,대전광역시,대전BIS
DJB8002516,장안동종점,36.197227,127.33841,2025-10-31,34130,25,대전광역시,대전BIS
DJB8002517,장전,36.23181,127.31634,2025-10-31,33930,25,대전광역시,대전BIS
DJB8002518,장전,36.23189,127.31623,2025-10-31,33920,25,대전광역시,대전BIS
DJB8002519,장척동,36.2553,127.43621,2025-10-31,13710,25,대전광역시,대전BIS
DJB8002520,장척동,36.255253,127.43597,2025-10-31,13700,25,대전광역시,대전BIS
DJB8002521,장태산길곡길입구,36.22197,127.34248,2025-10-31,34200,25,대전광역시,대전BIS
DJB8002522,장태산길곡길입구,36.222107,127.342514,2025-10-31,34210,25,대전광역시,대전BIS
DJB8002523,장태산자연휴양림,36.220737,127.338394,2025-10-31,34170,25,대전광역시,대전BIS
DJB8002524,장태산자연휴양림,36.22058,127.33828,2025-10-31,34160,25,대전광역시,대전BIS
DJB8002525,장평보유원지,36.270554,127.34144,2025-10-31,33740,25,대전광역시,대전BIS
DJB8002526,장평보유원지,36.270565,127.341194,2025-10-31,33730,25,대전광역시,대전BIS
DJB8002527,은행선화동주민센터,36.332493,127.41676,2025-10-31,20110,25,대전광역시,대전BIS
DJB8005959,세정골,36.332314,127.49233,2025-10-31,14240,25,대전광역시,대전BIS
DJB8005960,한남대북문,36.358707,127.42251,2025-10-31,53130,25,대전광역시,대전BIS
DJB8005961,계룡과선교,36.266254,127.281075,2025-10-31,41000,25,대전광역시,대전BIS
DJB8005962,왕대고개,36.26312,127.278206,2025-10-31,73840,25,대전광역시,대전BIS
DJB8005963,왕대고개,36.263393,127.278206,2025-10-31,73850,25,대전광역시,대전BIS
DJB8005964,스마트시티2단지,36.37747,127.39015,2025-10-31,43290,25,대전광역시,대전BIS
DJB8005966,군인아파트,36.410587,127.33727,2025-10-31,82190,25,대전광역시,대전BIS
DJB8005969,군인아파트노인정,36.415867,127.33618,2025-10-31,82070,25,대전광역시,대전BIS
DJB8005970,군인아파트종점,36.418064,127.33674,2025-10-31,82210,25,대전광역시,대전BIS
DJB8005971,테크노밸리7단지,36.425167,127.38465,2025-10-31,82290,25,대전광역시,대전BIS
DJB8005972,테크노밸리7단지,36.424995,127.38413,2025-10-31,82220,25,대전광역시,대전BIS
DJB8005973,계룡시보건소,36.27241,127.25042,2025-10-31,73100,25,대전광역시,대전BIS
DJB8005974,노인종합복지관,36.272705,127.259476,2025-10-31,73140,25,대전광역시,대전BIS
DJB8005975,중앙백신연구소,36.408226,127.37681,2025-10-31,45410,25,대전광역시,대전BIS
DJB8005976,중앙백신연구소,36.407936,127.37671,2025-10-31,45630,25,대전광역시,대전BIS
DJB8005977,홀트아동복지회관,36.313026,127.41435,2025-10-31,23230,25,대전광역시,대전BIS
DJB8005978,화물터미널,36.3184,127.32007,2025-10-31,40320,25,대전광역시,대전BIS
DJB8005979,하기동,36.38476,127.33997,2025-10-31,45440,25,대전광역시,대전BIS
DJB8005980,신탄진정수장,36.44294,127.44115,2025-10-31,53140,25,대전광역시,대전BIS
DJB8005981,신탄진정수장,36.442837,127.44108,2025-10-31,53300,25,대전광역시,대전BIS
DJB8005982,사기소,36.35939,127.25244,2025-10-31,71140,25,대전광역시,대전BIS
DJB8005983,밀목재.천수암,36.339703,127.24964,2025-10-31,71160,25,대전광역시,대전BIS
DJB8005984,여성정책개발원.동월마을,36.351864,127.25306,2025-10-31,71180,25,대전광역시,대전BIS
DJB8005985,밀목재.천수암,36.339893,127.24956,2025-10-31,71170,25,대전광역시,대전BIS
DJB8005986,여성정책개발원.동월마을,36.351974,127.252914,2025-10-31,71150,25,대전광역시,대전BIS
DJB8005987,사기소,36.359165,127.252426,2025-10-31,71130,25,대전광역시,대전BIS
DJB8005988,대전대학교동문,36.335354,127.4638,2025-10-31,14520,25,대전광역시,대전BIS
DJB8005989,대전대학교동문,36.33537,127.46358,2025-10-31,14530,25,대전광역시,대전BIS
DJB8005990,도안센트럴시티,36.347218,127.34056,2025-10-31,45500,25,대전광역시,대전BIS
DJB8005991,도안고등학교,36.33707,127.33826,2025-10-31,45520,25,대전광역시,대전BIS
DJB8005992,도안고등학교,36.337738,127.338036,2025-10-31,45510,25,대전광역시,대전BIS
DJB8005994,으능정이거리,36.329636,127.42795,2025-10-31,20060,25,대전광역시,대전BIS
DJB8005996,신안인스빌,36.342506,127.34701,2025-10-31,45470,25,대전광역시,대전BIS
DJB8005997,신안인스빌,36.341732,127.34757,2025-10-31,45480,25,대전광역시,대전BIS
DJB8005998,보문오거리,36.31739,127.42518,2025-10-31,23260,25,대전광역시,대전BIS
DJB8005999,진달래아파트,36.35818,127.36621,2025-10-31,34800,25,대전광역시,대전BIS
DJB8006000,대전동신과학고,36.33222,127.476906,2025-10-31,12670,25,대전광역시,대전BIS
DJB8006001,월평중학교,36.35771,127.36717,2025-10-31,34810,25,대전광역시,대전BIS
DJB8006002,노은도서관,36.38236,127.31911,2025-10-31,45530,25,대전광역시,대전BIS
DJB8006003,노은도서관,36.38208,127.31927,2025-10-31,45540,25,대전광역시,대전BIS
DJB8006004,비야리,36.355183,127.52562,2025-10-31,62410,25,대전광역시,대전BIS
DJB8006005,중부대학교,36.192608,127.45216,2025-10-31,74770,25,대전광역시,대전BIS
DJB8006006,은하수네거리,36.3509,127.37786,2025-10-31,32070,25,대전광역시,대전BIS
DJB8006007,대전지방국세청,36.372967,127.42819,2025-10-31,51130,25,대전광역시,대전BIS
DJB8007001,한화생명이글스파크,36.31807,127.42851,2025-10-31,23300,25,대전광역시,대전BIS
DJB8007002,보문산진입로,36.315628,127.42538,2025-10-31,23310,25,대전광역시,대전BIS
DJB8007003,보문산진입로,36.315903,127.42575,2025-10-31,23320,25,대전광역시,대전BIS
DJB8007004,보문산공원로,36.31366,127.42235,2025-10-31,23330,25,대전광역시,대전BIS
DJB8007005,보문산공원로,36.31354,127.42233,2025-10-31,23340,25,대전광역시,대전BIS
DJB8007006,보문산공원,36.312027,127.420395,2025-10-31,23350,25,대전광역시,대전BIS
DJB8007007,문창동보문교,36.32028,127.43418,2025-10-31,23360,25,대전광역시,대전BIS
DJB8007008,금강로하스대청공원,36.47248,127.47627,2025-10-31,53190,25,대전광역시,대전BIS
DJB8007009,금강로하스대청공원,36.47197,127.47523,2025-10-31,53200,25,대전광역시,대전BIS
DJB8007010,비래검문소,36.35701,127.44514,2025-10-31,53220,25,대전광역시,대전BIS
DJB8007011,둔원초등학교,36.34421,127.375015,2025-10-31,34960,25,대전광역시,대전BIS
DJB8007012,사정1리,36.196377,127.28477,2025-10-31,72310,25,대전광역시,대전BIS
DJB8007013,사정1리,36.1965,127.28475,2025-10-31,72320,25,대전광역시,대전BIS
DJB8007014,대덕리,36.191795,127.29445,2025-10-31,72330,25,대전광역시,대전BIS
DJB8007015,대덕리,36.191757,127.29458,2025-10-31,72340,25,대전광역시,대전BIS
DJB8007017,가오고등학교,36.309856,127.45482,2025-10-31,14340,25,대전광역시,대전BIS
DJB8007018,가오고등학교,36.309402,127.45509,2025-10-31,14350,25,대전광역시,대전BIS
DJB8007019,노은휴먼시아4단지,36.37771,127.30402,2025-10-31,45930,25,대전광역시,대전BIS
DJB8007020,노은3지구종점,36.37567,127.305504,2025-10-31,45940,25,대전광역시,대전BIS
DJB8007022,선비마을3단지후문,36.36766,127.442154,2025-10-31,53230,25,대전광역시,대전BIS
DJB8007023,미학아파트,36.34193,127.30295,2025-10-31,82440,25,대전광역시,대전BIS
DJB8007024,자광사,36.338562,127.31284,2025-10-31,82490,25,대전광역시,대전BIS
DJB8007025,자광사,36.338432,127.31286,2025-10-31,82480,25,대전광역시,대전BIS
DJB8001325,대덕중학교,36.37996,127.37843,2025-10-31,43110,25,대전광역시,대전BIS
DJB8001326,대덕터널입구,36.38845,127.37959,2025-10-31,43230,25,대전광역시,대전BIS
DJB8001329,연구단지네거리,36.385826,127.37734,2025-10-31,43140,25,대전광역시,대전BIS
DJB8001330,SK뷰아파트,36.38554,127.37578,2025-10-31,43130,25,대전광역시,대전BIS
DJB8001331,삼성푸른아파트,36.39953,127.39743,2025-10-31,44100,25,대전광역시,대전BIS
DJB8001332,선비마을,36.399727,127.39738,2025-10-31,44110,25,대전광역시,대전BIS
DJB8001333,대동,36.47894,127.39551,2025-10-31,45010,25,대전광역시,대전BIS
DJB8001334,대동,36.47891,127.39544,2025-10-31,45000,25,대전광역시,대전BIS
DJB8001335,대동2통,36.483562,127.39713,2025-10-31,45040,25,대전광역시,대전BIS
DJB8001336,대동1통,36.4853,127.39512,2025-10-31,44980,25,대전광역시,대전BIS
DJB8001337,대동1통,36.48537,127.395164,2025-10-31,44990,25,대전광역시,대전BIS
DJB8001338,대동,36.48099,127.395836,2025-10-31,45030,25,대전광역시,대전BIS
DJB8001339,대동,36.48101,127.39575,2025-10-31,45020,25,대전광역시,대전BIS
DJB8001340,대동금탄동입구,36.472107,127.38797,2025-10-31,44890,25,대전광역시,대전BIS
DJB8001341,대동금탄동입구,36.47203,127.387955,2025-10-31,44880,25,대전광역시,대전BIS
DJB8001342,대동보건소,36.47579,127.39499,2025-10-31,44970,25,대전광역시,대전BIS
DJB8001343,대동보건소,36.47581,127.39492,2025-10-31,44960,25,대전광역시,대전BIS
DJB8001344,새들뫼아파트,36.328083,127.44307,2025-10-31,11200,25,대전광역시,대전BIS
DJB8001345,충남중네거리,36.327457,127.44421,2025-10-31,11230,25,대전광역시,대전BIS
DJB8001348,대동역3번출구,36.32906,127.441734,2025-10-31,11180,25,대전광역시,대전BIS
DJB8001349,대동역7번출구,36.33028,127.44373,2025-10-31,11210,25,대전광역시,대전BIS
DJB8001351,펜타뷰아파트,36.328777,127.44422,2025-10-31,11220,25,대전광역시,대전BIS
DJB8001352,대동초등학교,36.326206,127.44738,2025-10-31,11270,25,대전광역시,대전BIS
DJB8001353,대문초등학교입구,36.305733,127.40117,2025-10-31,21920,25,대전광역시,대전BIS
DJB8001354,대문초등학교입구,36.305977,127.40072,2025-10-31,21910,25,대전광역시,대전BIS
DJB8001355,충대병원네거리,36.31889,127.41646,2025-10-31,21010,25,대전광역시,대전BIS
DJB8001356,문화동하우스토리,36.31986,127.41597,2025-10-31,21000,25,대전광역시,대전BIS
DJB8001357,오투그란데아파트,36.287144,127.464775,2025-10-31,13680,25,대전광역시,대전BIS
DJB8001358,오투그란데아파트,36.28764,127.464714,2025-10-31,13690,25,대전광역시,대전BIS
DJB8001359,대성중고등학교,36.33136,127.4099,2025-10-31,20370,25,대전광역시,대전BIS
DJB8001360,충남여중삼거리,36.332115,127.41001,2025-10-31,20390,25,대전광역시,대전BIS
DJB8001362,대성동,36.294106,127.461685,2025-10-31,13650,25,대전광역시,대전BIS
DJB8001363,대성삼거리,36.29606,127.4596,2025-10-31,13610,25,대전광역시,대전BIS
DJB8001364,대성삼거리,36.2963,127.45936,2025-10-31,13600,25,대전광역시,대전BIS
DJB8001365,대성여자고등학교,36.33699,127.43872,2025-10-31,12350,25,대전광역시,대전BIS
DJB8001366,대성여자고등학교,36.337444,127.43807,2025-10-31,12360,25,대전광역시,대전BIS
DJB8001368,대아아파트,36.32571,127.37023,2025-10-31,30420,25,대전광역시,대전BIS
DJB8001369,대자연마을,36.306877,127.33711,2025-10-31,33500,25,대전광역시,대전BIS
DJB8001370,대자연아파트,36.315353,127.41709,2025-10-31,23120,25,대전광역시,대전BIS
DJB8001371,대자연아파트,36.30701,127.3369,2025-10-31,33490,25,대전광역시,대전BIS
DJB8001372,대자연아파트,36.304714,127.33845,2025-10-31,33520,25,대전광역시,대전BIS
DJB8001373,대자연아파트후문,36.307808,127.339066,2025-10-31,33530,25,대전광역시,대전BIS
DJB8001374,대전산업단지삼거리,36.368153,127.42021,2025-10-31,50600,25,대전광역시,대전BIS
DJB8001375,대전산업단지삼거리,36.368446,127.42002,2025-10-31,50590,25,대전광역시,대전BIS
DJB8001376,대전고등학교,36.322884,127.42433,2025-10-31,20700,25,대전광역시,대전BIS
DJB8001378,대전광역시청,36.351112,127.38486,2025-10-31,32350,25,대전광역시,대전BIS
DJB8001379,대전대학교,36.3307,127.460594,2025-10-31,11030,25,대전광역시,대전BIS
DJB8001380,대전상공회의소,36.34627,127.37883,2025-10-31,32100,25,대전광역시,대전BIS
DJB8001381,대전대학교입구,36.32818,127.45814,2025-10-31,10960,25,대전광역시,대전BIS
DJB8001382,대전대학교입구,36.32804,127.45949,2025-10-31,11010,25,대전광역시,대전BIS
DJB8001383,대전대학교입구,36.328743,127.45931,2025-10-31,11000,25,대전광역시,대전BIS
DJB8001384,대전대학교,36.33268,127.46375,2025-10-31,11100,25,대전광역시,대전BIS
DJB8001385,대흥교,36.325264,127.43058,2025-10-31,20810,25,대전광역시,대전BIS
DJB8001386,대흥교,36.325047,127.43089,2025-10-31,20820,25,대전광역시,대전BIS
DJB8001387,문창동보문교,36.320675,127.4347,2025-10-31,20830,25,대전광역시,대전BIS
DJB8001388,대전교통공사,36.351093,127.352036,2025-10-31,32690,25,대전광역시,대전BIS
DJB8001389,대전교통공사,36.351173,127.35482,2025-10-31,32720,25,대전광역시,대전BIS
DJB8001390,판암차량기지,36.32036,127.47139,2025-10-31,10850,25,대전광역시,대전BIS
DJB8001391,판암차량기지,36.32133,127.471565,2025-10-31,10840,25,대전광역시,대전BIS
DJB8001393,오월드,36.290104,127.39497,2025-10-31,22650,25,대전광역시,대전BIS
DJB8001394,대전예술의전당,36.36446,127.38667,2025-10-31,32380,25,대전광역시,대전BIS
DJB8001395,대전예술의전당,36.364975,127.38449,2025-10-31,34730,25,대전광역시,대전BIS
DJB8001396,천석교,36.312378,127.441696,2025-10-31,10240,25,대전광역시,대전BIS
DJB8001397,천석교,36.312794,127.441505,2025-10-31,10230,25,대전광역시,대전BIS
DJB8002528,목동더샵리슈빌,36.33311,127.41556,2025-10-31,20100,25,대전광역시,대전BIS
DJB8002529,국립문화유산연구원,36.39028,127.390755,2025-10-31,44010,25,대전광역시,대전BIS
DJB8002530,전력연구원,36.39053,127.39064,2025-10-31,44000,25,대전광역시,대전BIS
DJB8002531,엑스포아파트,36.397938,127.404785,2025-10-31,44220,25,대전광역시,대전BIS
DJB8002532,전민중학교,36.400772,127.404816,2025-10-31,44230,25,대전광역시,대전BIS
DJB8002533,태광산업중앙연구소,36.403587,127.40498,2025-10-31,44200,25,대전광역시,대전BIS
DJB8002535,전민동주민센터,36.399548,127.399574,2025-10-31,44160,25,대전광역시,대전BIS
DJB8002536,전민동주민센터,36.39973,127.40078,2025-10-31,44170,25,대전광역시,대전BIS
DJB8002537,전민중학교,36.400837,127.40498,2025-10-31,44250,25,대전광역시,대전BIS
DJB8002538,전원아파트,36.35971,127.3657,2025-10-31,32780,25,대전광역시,대전BIS
DJB8002539,전자디자인고,36.4124,127.377914,2025-10-31,43530,25,대전광역시,대전BIS
DJB8002540,전자디자인고,36.4132,127.37845,2025-10-31,43560,25,대전광역시,대전BIS
DJB8002541,정림공원,36.30175,127.36647,2025-10-31,30890,25,대전광역시,대전BIS
DJB8002542,정림동,36.308105,127.36545,2025-10-31,30870,25,대전광역시,대전BIS
DJB8002543,정림동,36.308147,127.366585,2025-10-31,30900,25,대전광역시,대전BIS
DJB8002544,서부소방서,36.309624,127.371826,2025-10-31,30910,25,대전광역시,대전BIS
DJB8002545,서부소방서,36.31025,127.37238,2025-10-31,30490,25,대전광역시,대전BIS
DJB8002546,가수원교,36.30735,127.36226,2025-10-31,30800,25,대전광역시,대전BIS
DJB8002547,정림삼거리,36.307274,127.363945,2025-10-31,30810,25,대전광역시,대전BIS
DJB8002548,정림중학교,36.29427,127.36185,2025-10-31,34600,25,대전광역시,대전BIS
DJB8002549,정림중학교,36.294163,127.362045,2025-10-31,34610,25,대전광역시,대전BIS
DJB8002550,정림초등학교,36.303608,127.36594,2025-10-31,30880,25,대전광역시,대전BIS
DJB8002551,정림초등학교,36.304733,127.36541,2025-10-31,30860,25,대전광역시,대전BIS
DJB8002553,정부대전청사남문,36.35989,127.381134,2025-10-31,32240,25,대전광역시,대전BIS
DJB8002554,정부대전청사남문,36.359634,127.38034,2025-10-31,32200,25,대전광역시,대전BIS
DJB8002555,정부대전청사동문,36.361454,127.38999,2025-10-31,32460,25,대전광역시,대전BIS
DJB8002556,정부대전청사서문,36.361683,127.37961,2025-10-31,32170,25,대전광역시,대전BIS
DJB8002557,정부대전청사서문,36.36371,127.379654,2025-10-31,32180,25,대전광역시,대전BIS
DJB8002558,정부청사역,36.35786,127.38208,2025-10-31,32270,25,대전광역시,대전BIS
DJB8002559,정부청사역,36.357445,127.38066,2025-10-31,32210,25,대전광역시,대전BIS
DJB8002560,정생1동,36.256115,127.39937,2025-10-31,22820,25,대전광역시,대전BIS
DJB8002561,정생1동,36.256176,127.3995,2025-10-31,22830,25,대전광역시,대전BIS
DJB8002562,정생2동,36.25069,127.40671,2025-10-31,22960,25,대전광역시,대전BIS
DJB8002563,정생2동,36.25081,127.40685,2025-10-31,22900,25,대전광역시,대전BIS
DJB8002564,정생농협창고,36.258553,127.39826,2025-10-31,22800,25,대전광역시,대전BIS
DJB8002565,정생농협창고,36.258682,127.39835,2025-10-31,22810,25,대전광역시,대전BIS
DJB8002566,정수장,36.385082,127.42547,2025-10-31,50770,25,대전광역시,대전BIS
DJB8002570,신흥마을아파트정문,36.32078,127.44406,2025-10-31,10560,25,대전광역시,대전BIS
DJB8002571,신흥마을아파트후문,36.32126,127.44515,2025-10-31,10610,25,대전광역시,대전BIS
DJB8002572,어진마을아파트,36.320877,127.44382,2025-10-31,10550,25,대전광역시,대전BIS
DJB8002573,신흥마을아파트,36.321133,127.44586,2025-10-31,10600,25,대전광역시,대전BIS
DJB8002574,제이파크아파트,36.303707,127.31873,2025-10-31,40140,25,대전광역시,대전BIS
DJB8002575,제이파크아파트,36.30404,127.319435,2025-10-31,40090,25,대전광역시,대전BIS
DJB8002577,펜타플렉스,36.369827,127.40714,2025-10-31,50450,25,대전광역시,대전BIS
DJB8002578,제일사료,36.36971,127.40622,2025-10-31,50420,25,대전광역시,대전BIS
DJB8002579,유천초등학교,36.314137,127.37386,2025-10-31,30560,25,대전광역시,대전BIS
DJB8002580,삼육중학교입구,36.311806,127.3745,2025-10-31,30620,25,대전광역시,대전BIS
DJB8002581,도마2동주민센터,36.312424,127.37409,2025-10-31,30600,25,대전광역시,대전BIS
DJB8002582,도마중학교,36.319347,127.37298,2025-10-31,30500,25,대전광역시,대전BIS
DJB8002583,도마중학교,36.319187,127.37411,2025-10-31,30610,25,대전광역시,대전BIS
DJB8002584,용화5길입구,36.319363,127.37585,2025-10-31,30630,25,대전광역시,대전BIS
DJB8002585,대전지방조달청,36.32009,127.37049,2025-10-31,30440,25,대전광역시,대전BIS
DJB8002586,조동1리,36.222614,127.295296,2025-10-31,72260,25,대전광역시,대전BIS
DJB8002587,주산동/상촌,36.356556,127.47801,2025-10-31,12810,25,대전광역시,대전BIS
DJB8002588,주산동/상촌,36.356647,127.47798,2025-10-31,12800,25,대전광역시,대전BIS
DJB8002589,주유소,36.359062,127.30973,2025-10-31,41420,25,대전광역시,대전BIS
DJB8002590,주촌1구,36.39872,127.534134,2025-10-31,13380,25,대전광역시,대전BIS
DJB8002591,주촌1구,36.398964,127.533936,2025-10-31,13370,25,대전광역시,대전BIS
DJB8002592,주촌2구,36.415596,127.53761,2025-10-31,13340,25,대전광역시,대전BIS
DJB8002593,주촌2구,36.415653,127.53734,2025-10-31,13330,25,대전광역시,대전BIS
DJB8002594,주촌동,36.396904,127.5319,2025-10-31,13360,25,대전광역시,대전BIS
DJB8002595,주촌동,36.397038,127.53184,2025-10-31,13350,25,대전광역시,대전BIS
DJB8002596,죽동네거리,36.366,127.33288,2025-10-31,42000,25,대전광역시,대전BIS
DJB8002597,죽동네거리,36.366863,127.33159,2025-10-31,41990,25,대전광역시,대전BIS
DJB8007026,한라비발디아파트,36.3431,127.333496,2025-10-31,82570,25,대전광역시,대전BIS
DJB8007028,유성중학교,36.346176,127.33553,2025-10-31,41500,25,대전광역시,대전BIS
DJB8007030,태광산업중앙연구소,36.40358,127.40483,2025-10-31,44210,25,대전광역시,대전BIS
DJB8007031,오월드,36.290077,127.39558,2025-10-31,23380,25,대전광역시,대전BIS
DJB8007032,보성네거리,36.304214,127.39427,2025-10-31,23480,25,대전광역시,대전BIS
DJB8007033,보성네거리,36.30357,127.39426,2025-10-31,23470,25,대전광역시,대전BIS
DJB8007034,백골삼거리,36.300137,127.39298,2025-10-31,23460,25,대전광역시,대전BIS
DJB8007035,백골삼거리,36.300045,127.393295,2025-10-31,23450,25,대전광역시,대전BIS
DJB8007036,대전보훈공원입구,36.298214,127.39468,2025-10-31,23440,25,대전광역시,대전BIS
DJB8007037,대전보훈공원입구,36.2983,127.395065,2025-10-31,23430,25,대전광역시,대전BIS
DJB8007038,백골저수지,36.295815,127.399704,2025-10-31,23420,25,대전광역시,대전BIS
DJB8007039,백골저수지,36.2957,127.39987,2025-10-31,23410,25,대전광역시,대전BIS
DJB8007040,윗사정삼거리,36.29278,127.397995,2025-10-31,23400,25,대전광역시,대전BIS
DJB8007041,윗사정삼거리,36.29263,127.39815,2025-10-31,23390,25,대전광역시,대전BIS
DJB8007042,중구청역,36.324146,127.41843,2025-10-31,23370,25,대전광역시,대전BIS
DJB8007043,가는골입구,36.330944,127.486,2025-10-31,14370,25,대전광역시,대전BIS
DJB8007044,가는골입구,36.331093,127.48584,2025-10-31,14380,25,대전광역시,대전BIS
DJB8007045,선암초교네거리,36.29616,127.33576,2025-10-31,34970,25,대전광역시,대전BIS
DJB8007046,선암초교네거리,36.29634,127.336624,2025-10-31,34980,25,대전광역시,대전BIS
DJB8007047,테크노밸리6단지,36.41857,127.38797,2025-10-31,47100,25,대전광역시,대전BIS
DJB8007051,세종터미널,36.470848,127.273125,2025-10-31,51012,25,대전광역시,대전BIS
DJB8007052,한솔동,36.48031,127.262566,2025-10-31,51048,25,대전광역시,대전BIS
DJB8007053,정부세종청사북측,36.504173,127.261246,2025-10-31,52033,25,대전광역시,대전BIS
DJB8007055,오송역2.3.4,36.619198,127.3271,2025-10-31,1434,25,대전광역시,대전BIS
DJB8007057,한솔동,36.48097,127.26185,2025-10-31,51049,25,대전광역시,대전BIS
DJB8007058,세종터미널,36.47071,127.27319,2025-10-31,51011,25,대전광역시,대전BIS
DJB8007061,국제금식기도원,36.374973,127.513626,2025-10-31,14390,25,대전광역시,대전BIS
DJB8007062,대전대학교,36.33303,127.46375,2025-10-31,14250,25,대전광역시,대전BIS
DJB8007063,국제금식기도원,36.375027,127.51353,2025-10-31,14400,25,대전광역시,대전BIS
DJB8007064,별밭공원,36.340622,127.305,2025-10-31,45950,25,대전광역시,대전BIS
DJB8007065,별밭공원,36.33947,127.30446,2025-10-31,45960,25,대전광역시,대전BIS
DJB8007066,반석네거리,36.38697,127.317856,2025-10-31,45970,25,대전광역시,대전BIS
DJB8007069,KT&G사택,36.438187,127.432014,2025-10-31,53240,25,대전광역시,대전BIS
DJB8007070,가오동,36.308586,127.45133,2025-10-31,14360,25,대전광역시,대전BIS
DJB8007074,배재대학교종점,36.32325,127.36733,2025-10-31,35110,25,대전광역시,대전BIS
DJB8007076,새롬동.나성동,36.48685,127.25788,2025-10-31,51008,25,대전광역시,대전BIS
DJB8007077,다정동(성남고등학교),36.49389,127.25645,2025-10-31,51016,25,대전광역시,대전BIS
DJB8007080,정부세종청사북측,36.504997,127.261505,2025-10-31,52036,25,대전광역시,대전BIS
DJB8007082,다정동(성남고등학교),36.493813,127.25632,2025-10-31,51017,25,대전광역시,대전BIS
DJB8007083,새롬동.나성동,36.487713,127.25729,2025-10-31,51010,25,대전광역시,대전BIS
DJB8007086,첫마을1단지,36.48362,127.25872,2025-10-31,51034,25,대전광역시,대전BIS
DJB8007087,첫마을1단지,36.483433,127.25877,2025-10-31,51035,25,대전광역시,대전BIS
DJB8007088,첫마을4단지,36.48024,127.251724,2025-10-31,51040,25,대전광역시,대전BIS
DJB8007089,첫마을4단지,36.48024,127.25208,2025-10-31,51041,25,대전광역시,대전BIS
DJB8007090,첫마을6단지,36.47544,127.25309,2025-10-31,51044,25,대전광역시,대전BIS
DJB8007091,첫마을6단지,36.47506,127.25313,2025-10-31,51045,25,대전광역시,대전BIS
DJB8007092,첫마을3단지,36.47796,127.26143,2025-10-31,51039,25,대전광역시,대전BIS
DJB8007093,첫마을3단지,36.47827,127.261246,2025-10-31,51038,25,대전광역시,대전BIS
DJB8007098,쉼터공동체,36.31051,127.26933,2025-10-31,45990,25,대전광역시,대전BIS
DJB8007099,쉼터공동체,36.310482,127.26927,2025-10-31,46000,25,대전광역시,대전BIS
DJB8007100,유성생명과학고,36.348442,127.33176,2025-10-31,80470,25,대전광역시,대전BIS
DJB8007101,싸이언스빌3가,36.384968,127.40511,2025-10-31,46100,25,대전광역시,대전BIS
DJB8007102,싸이언스빌3가,36.384987,127.40534,2025-10-31,46110,25,대전광역시,대전BIS
DJB8007103,유성구청소년수련관,36.38097,127.3235,2025-10-31,46090,25,대전광역시,대전BIS
DJB8007104,왕대2리입구,36.25425,127.27424,2025-10-31,,25,대전광역시,대전BIS
DJB8007105,아워홈,36.250313,127.27193,2025-10-31,77030,25,대전광역시,대전BIS
DJB8007106,길산스틸,36.25157,127.27451,2025-10-31,77010,25,대전광역시,대전BIS
DJB8007107,재실,36.24924,127.26165,2025-10-31,73410,25,대전광역시,대전BIS
DJB8007108,입암리마을회관종점,36.24737,127.25939,2025-10-31,,25,대전광역시,대전BIS
DJB8007109,재실,36.249123,127.26149,2025-10-31,77060,25,대전광역시,대전BIS
DJB8007110,길산스틸,36.25173,127.274574,2025-10-31,77020,25,대전광역시,대전BIS
DJB8007111,아워홈,36.250423,127.27183,2025-10-31,77040,25,대전광역시,대전BIS
DJB8007112,왕대2리입구,36.25421,127.274254,2025-10-31,73540,25,대전광역시,대전BIS
DJB8007113,품안마을아파트,36.302296,127.24538,2025-10-31,,25,대전광역시,대전BIS
DJB8007114,신도안면사무소앞,36.300076,127.242676,2025-10-31,,25,대전광역시,대전BIS
DJB8007115,홈플러스계룡점,36.274693,127.258446,2025-10-31,73990,25,대전광역시,대전BIS
DJB8007116,홈플러스계룡점,36.274418,127.258446,2025-10-31,73290,25,대전광역시,대전BIS
DJB8007117,신도안면사무소앞,36.300373,127.242874,2025-10-31,,25,대전광역시,대전BIS
DJB8007118,품안마을아파트,36.302372,127.245316,2025-10-31,,25,대전광역시,대전BIS
DJB8007119,도곡2리,36.260887,127.21245,2025-10-31,77350,25,대전광역시,대전BIS
DJB8007120,도곡리배울교,36.264996,127.21901,2025-10-31,77340,25,대전광역시,대전BIS
DJB8007121,광석리·효성요양원,36.26339,127.22539,2025-10-31,,25,대전광역시,대전BIS
DJB8001398,대전병원,36.362507,127.41787,2025-10-31,50290,25,대전광역시,대전BIS
DJB8001399,대전병원,36.362602,127.4183,2025-10-31,50300,25,대전광역시,대전BIS
DJB8001400,대전보건대학교,36.348354,127.45088,2025-10-31,11610,25,대전광역시,대전BIS
DJB8001401,대전보건대학교,36.34831,127.45116,2025-10-31,11630,25,대전광역시,대전BIS
DJB8001402,대전보건대학교,36.348534,127.45397,2025-10-31,11680,25,대전광역시,대전BIS
DJB8001403,대전보건대학교,36.34843,127.45379,2025-10-31,11670,25,대전광역시,대전BIS
DJB8001404,국립농산물품질관리원,36.330765,127.41955,2025-10-31,20200,25,대전광역시,대전BIS
DJB8001405,국립농산물품질관리원,36.330883,127.419235,2025-10-31,20180,25,대전광역시,대전BIS
DJB8001406,대전신학대학교,36.351105,127.42419,2025-10-31,50360,25,대전광역시,대전BIS
DJB8001407,대전신학대학교,36.35104,127.42474,2025-10-31,53340,25,대전광역시,대전BIS
DJB8001408,대전여상,36.33234,127.42104,2025-10-31,20250,25,대전광역시,대전BIS
DJB8001409,대전여상,36.332947,127.420784,2025-10-31,20230,25,대전광역시,대전BIS
DJB8001410,대전국제통상고,36.313187,127.408516,2025-10-31,22120,25,대전광역시,대전BIS
DJB8001411,대전국제통상고,36.313187,127.40823,2025-10-31,22090,25,대전광역시,대전BIS
DJB8001412,대전역/역전시장,36.32953,127.43368,2025-10-31,10040,25,대전광역시,대전BIS
DJB8001413,대전역,36.33046,127.43108,2025-10-31,12460,25,대전광역시,대전BIS
DJB8001414,대전역,36.330814,127.43195,2025-10-31,12470,25,대전광역시,대전BIS
DJB8001415,대전역네거리,36.331043,127.431854,2025-10-31,14230,25,대전광역시,대전BIS
DJB8001417,대전역,36.33195,127.43239,2025-10-31,12410,25,대전광역시,대전BIS
DJB8001418,대전역,36.33254,127.43213,2025-10-31,12400,25,대전광역시,대전BIS
DJB8001419,대전역,36.332737,127.431725,2025-10-31,12390,25,대전광역시,대전BIS
DJB8001420,대전역,36.33344,127.431404,2025-10-31,12370,25,대전광역시,대전BIS
DJB8001421,대전역/중앙시장,36.329544,127.433304,2025-10-31,10010,25,대전광역시,대전BIS
DJB8001423,대전이문고,36.446476,127.42207,2025-10-31,52060,25,대전광역시,대전BIS
DJB8001424,대전이문고,36.446415,127.42238,2025-10-31,52070,25,대전광역시,대전BIS
DJB8001425,대전일보사,36.353622,127.36067,2025-10-31,32750,25,대전광역시,대전BIS
DJB8001426,대전일보사,36.354168,127.36174,2025-10-31,32760,25,대전광역시,대전BIS
DJB8001427,근로복지공단대전병원,36.36721,127.428825,2025-10-31,51160,25,대전광역시,대전BIS
DJB8001428,대전중학교,36.320004,127.42453,2025-10-31,20710,25,대전광역시,대전BIS
DJB8001429,대전중학교,36.319958,127.42422,2025-10-31,20690,25,대전광역시,대전BIS
DJB8001430,대전지방국세청,36.372147,127.42838,2025-10-31,51140,25,대전광역시,대전BIS
DJB8001431,대전지방기상청,36.36993,127.37101,2025-10-31,42890,25,대전광역시,대전BIS
DJB8001432,대전지방기상청,36.369877,127.37127,2025-10-31,42900,25,대전광역시,대전BIS
DJB8001433,철도차량정비단,36.42597,127.425735,2025-10-31,53050,25,대전광역시,대전BIS
DJB8001436,산성어린이도서관,36.295742,127.38675,2025-10-31,22590,25,대전광역시,대전BIS
DJB8001437,산성어린이도서관,36.295925,127.38716,2025-10-31,22600,25,대전광역시,대전BIS
DJB8001438,대정2통,36.315563,127.315384,2025-10-31,40290,25,대전광역시,대전BIS
DJB8001439,대정동,36.319748,127.31369,2025-10-31,40260,25,대전광역시,대전BIS
DJB8001440,대정동,36.319496,127.31408,2025-10-31,40270,25,대전광역시,대전BIS
DJB8001441,대종로네거리,36.334106,127.42106,2025-10-31,20260,25,대전광역시,대전BIS
DJB8001442,대종로네거리,36.334377,127.42098,2025-10-31,20240,25,대전광역시,대전BIS
DJB8001443,대주파크빌,36.342636,127.44803,2025-10-31,11590,25,대전광역시,대전BIS
DJB8001444,대주파크빌,36.34312,127.44945,2025-10-31,11600,25,대전광역시,대전BIS
DJB8001445,대주파크빌,36.342396,127.4488,2025-10-31,11330,25,대전광역시,대전BIS
DJB8001446,대청댐,36.470657,127.472755,2025-10-31,52780,25,대전광역시,대전BIS
DJB8001447,대청동주민센터,36.34334,127.49305,2025-10-31,13050,25,대전광역시,대전BIS
DJB8001448,대청호자연생태관,36.373745,127.47215,2025-10-31,12520,25,대전광역시,대전BIS
DJB8001449,대청호자연생태관,36.373554,127.47212,2025-10-31,12540,25,대전광역시,대전BIS
DJB8001450,대추벌,36.265396,127.33294,2025-10-31,33640,25,대전광역시,대전BIS
DJB8001451,대추벌,36.265457,127.33304,2025-10-31,33650,25,대전광역시,대전BIS
DJB8001452,둥지네거리,36.3595,127.38932,2025-10-31,32430,25,대전광역시,대전BIS
DJB8001453,대한통운,36.380363,127.4237,2025-10-31,50690,25,대전광역시,대전BIS
DJB8001454,대한통운,36.380547,127.42456,2025-10-31,50700,25,대전광역시,대전BIS
DJB8001455,대한통운종점,36.38353,127.42562,2025-10-31,50710,25,대전광역시,대전BIS
DJB8001457,대화동고개,36.3608,127.41745,2025-10-31,50270,25,대전광역시,대전BIS
DJB8001458,대화동육교,36.365498,127.419075,2025-10-31,50570,25,대전광역시,대전BIS
DJB8001459,대화동행정복지센터,36.367245,127.4111,2025-10-31,50480,25,대전광역시,대전BIS
DJB8001460,대화동행정복지센터,36.367264,127.411964,2025-10-31,50530,25,대전광역시,대전BIS
DJB8001461,대흥동네거리,36.323833,127.426285,2025-10-31,20750,25,대전광역시,대전BIS
DJB8001462,대흥동네거리,36.32383,127.42715,2025-10-31,20770,25,대전광역시,대전BIS
DJB8001463,대흥동성당,36.326145,127.427505,2025-10-31,20780,25,대전광역시,대전BIS
DJB8001464,대흥동성당,36.327034,127.42663,2025-10-31,20760,25,대전광역시,대전BIS
DJB8002600,중구보건소,36.308456,127.39575,2025-10-31,21860,25,대전광역시,대전BIS
DJB8002601,중구보건소,36.308167,127.39578,2025-10-31,21850,25,대전광역시,대전BIS
DJB8002602,중구청,36.32508,127.42239,2025-10-31,20630,25,대전광역시,대전BIS
DJB8002603,중구청,36.325672,127.42091,2025-10-31,20600,25,대전광역시,대전BIS
DJB8002605,중구청역,36.3243,127.418655,2025-10-31,20170,25,대전광역시,대전BIS
DJB8002607,중리네거리,36.358845,127.43032,2025-10-31,51430,25,대전광역시,대전BIS
DJB8002608,중리네거리,36.35928,127.43042,2025-10-31,51420,25,대전광역시,대전BIS
DJB8002609,중리동,36.36276,127.43094,2025-10-31,51440,25,대전광역시,대전BIS
DJB8002610,중리근린공원,36.363388,127.42526,2025-10-31,51350,25,대전광역시,대전BIS
DJB8002611,중리동,36.363384,127.43128,2025-10-31,51450,25,대전광역시,대전BIS
DJB8002612,중리근린공원,36.363758,127.425064,2025-10-31,51330,25,대전광역시,대전BIS
DJB8002613,중리동주민센터,36.36048,127.42519,2025-10-31,51340,25,대전광역시,대전BIS
DJB8002614,중리동주민센터,36.360676,127.42538,2025-10-31,51360,25,대전광역시,대전BIS
DJB8002615,중리시장,36.366596,127.42653,2025-10-31,51380,25,대전광역시,대전BIS
DJB8002616,중리시장,36.366634,127.425865,2025-10-31,51070,25,대전광역시,대전BIS
DJB8002617,중리지구대,36.358982,127.4211,2025-10-31,51260,25,대전광역시,대전BIS
DJB8002618,중리지구대,36.358597,127.42116,2025-10-31,51280,25,대전광역시,대전BIS
DJB8002620,대전도시공사,36.327515,127.42313,2025-10-31,20660,25,대전광역시,대전BIS
DJB8002621,삼성동행정복지센터,36.339466,127.42235,2025-10-31,12230,25,대전광역시,대전BIS
DJB8002622,삼성동행정복지센터,36.339497,127.42258,2025-10-31,12240,25,대전광역시,대전BIS
DJB8002623,중세동,36.29288,127.27438,2025-10-31,40720,25,대전광역시,대전BIS
DJB8002624,중세동,36.292896,127.27427,2025-10-31,40710,25,대전광역시,대전BIS
DJB8002625,판암테크노타운,36.32215,127.461494,2025-10-31,10770,25,대전광역시,대전BIS
DJB8002626,중소벤처기업청,36.392178,127.359505,2025-10-31,43390,25,대전광역시,대전BIS
DJB8002627,중앙로역1번출구,36.32884,127.42673,2025-10-31,20040,25,대전광역시,대전BIS
DJB8002628,중앙로역4번출구,36.327847,127.42407,2025-10-31,20680,25,대전광역시,대전BIS
DJB8002629,중앙로역4번출구,36.32818,127.424965,2025-10-31,20720,25,대전광역시,대전BIS
DJB8002630,중앙로역9번출구,36.329052,127.426544,2025-10-31,20030,25,대전광역시,대전BIS
DJB8002631,중앙로역6번출구,36.328403,127.424774,2025-10-31,20310,25,대전광역시,대전BIS
DJB8002632,중앙로역7번출구,36.330208,127.42367,2025-10-31,20280,25,대전광역시,대전BIS
DJB8002633,중앙로역8번출구,36.32979,127.42463,2025-10-31,20010,25,대전광역시,대전BIS
DJB8002634,중앙시장,36.32856,127.43393,2025-10-31,10050,25,대전광역시,대전BIS
DJB8002635,중앙시장,36.329105,127.43359,2025-10-31,10030,25,대전광역시,대전BIS
DJB8002636,중앙중고등학교,36.339115,127.413025,2025-10-31,20510,25,대전광역시,대전BIS
DJB8002637,중앙초등학교,36.328724,127.416374,2025-10-31,20120,25,대전광역시,대전BIS
DJB8002638,중구국민체육센터,36.329464,127.41839,2025-10-31,20150,25,대전광역시,대전BIS
DJB8002639,중일고등학교,36.42144,127.388626,2025-10-31,44580,25,대전광역시,대전BIS
DJB8002640,중일고등학교,36.42135,127.38841,2025-10-31,44570,25,대전광역시,대전BIS
DJB8002641,중촌네거리,36.33596,127.41483,2025-10-31,20530,25,대전광역시,대전BIS
DJB8002642,중촌네거리,36.335857,127.41527,2025-10-31,20090,25,대전광역시,대전BIS
DJB8002644,중촌동과선교,36.342793,127.409424,2025-10-31,23680,25,대전광역시,대전BIS
DJB8002648,중촌동행정복지센터,36.338676,127.41313,2025-10-31,20520,25,대전광역시,대전BIS
DJB8002649,중촌초등학교,36.34149,127.410034,2025-10-31,20470,25,대전광역시,대전BIS
DJB8002650,중촌초등학교,36.341076,127.41007,2025-10-31,20480,25,대전광역시,대전BIS
DJB8002651,중촌주공2단지,36.34463,127.4113,2025-10-31,20490,25,대전광역시,대전BIS
DJB8002652,하늘아파트,36.338833,127.40783,2025-10-31,20450,25,대전광역시,대전BIS
DJB8002653,중촌SK뷰아파트,36.339207,127.4075,2025-10-31,20430,25,대전광역시,대전BIS
DJB8002656,중추마을/가래울,36.375736,127.4755,2025-10-31,12560,25,대전광역시,대전BIS
DJB8002657,중추마을/가래울,36.375797,127.475426,2025-10-31,12550,25,대전광역시,대전BIS
DJB8002658,증산도교육문화회관,36.35911,127.424904,2025-10-31,51320,25,대전광역시,대전BIS
DJB8002659,지족동,36.380142,127.32301,2025-10-31,42460,25,대전광역시,대전BIS
DJB8002660,지족역,36.384914,127.32023,2025-10-31,42430,25,대전광역시,대전BIS
DJB8002662,지족역,36.384727,127.32008,2025-10-31,42420,25,대전광역시,대전BIS
DJB8002663,지족초등학교,36.37951,127.31779,2025-10-31,42350,25,대전광역시,대전BIS
DJB8002664,지족초등학교,36.37997,127.318214,2025-10-31,42370,25,대전광역시,대전BIS
DJB8002665,직동종점,36.41759,127.479034,2025-10-31,12960,25,대전광역시,대전BIS
DJB8002666,직업능력개발원,36.439365,127.41086,2025-10-31,52000,25,대전광역시,대전BIS
DJB8002667,직업능력개발원,36.43957,127.41084,2025-10-31,52010,25,대전광역시,대전BIS
DJB8002668,진달래아파트,36.359158,127.36824,2025-10-31,32800,25,대전광역시,대전BIS
DJB8002669,밀머리네거리,36.32413,127.3119,2025-10-31,40370,25,대전광역시,대전BIS
DJB8002670,밀머리네거리,36.324165,127.31174,2025-10-31,40360,25,대전광역시,대전BIS
DJB8002673,진잠향교,36.303165,127.316635,2025-10-31,40050,25,대전광역시,대전BIS
DJB8002674,진잠향교,36.30332,127.31658,2025-10-31,40040,25,대전광역시,대전BIS
DJB8002675,원내동,36.29878,127.31603,2025-10-31,40020,25,대전광역시,대전BIS
DJB8007122,계룡예술의전당,36.273003,127.23522,2025-10-31,77110,25,대전광역시,대전BIS
DJB8007123,블루힐스아파트,36.27916,127.23784,2025-10-31,77100,25,대전광역시,대전BIS
DJB8007124,도곡1리마을회관,36.26764,127.21384,2025-10-31,73150,25,대전광역시,대전BIS
DJB8007125,두마면사무소앞,36.26652,127.27174,2025-10-31,,25,대전광역시,대전BIS
DJB8007127,엄사면사무소,36.28893,127.2389,2025-10-31,77380,25,대전광역시,대전BIS
DJB8007128,엄사1리,36.287178,127.23532,2025-10-31,77410,25,대전광역시,대전BIS
DJB8007129,엄사중학교,36.28663,127.23228,2025-10-31,,25,대전광역시,대전BIS
DJB8007130,향한1리,36.28319,127.2207,2025-10-31,,25,대전광역시,대전BIS
DJB8007131,향한리마을회관,36.281082,127.221634,2025-10-31,77490,25,대전광역시,대전BIS
DJB8007132,향한리용기말,36.277695,127.22389,2025-10-31,77500,25,대전광역시,대전BIS
DJB8007134,향한리웃마을,36.28508,127.21717,2025-10-31,77500,25,대전광역시,대전BIS
DJB8007135,무상사.항적산 치유의 숲,36.291824,127.21317,2025-10-31,,25,대전광역시,대전BIS
DJB8007136,향한리웃마을,36.285305,127.216866,2025-10-31,77480,25,대전광역시,대전BIS
DJB8007137,향한1리,36.28309,127.22067,2025-10-31,,25,대전광역시,대전BIS
DJB8007138,엄사중학교,36.28656,127.23185,2025-10-31,,25,대전광역시,대전BIS
DJB8007139,엄사1리,36.28712,127.23553,2025-10-31,77400,25,대전광역시,대전BIS
DJB8007140,엄사면사무소,36.28886,127.23965,2025-10-31,77390,25,대전광역시,대전BIS
DJB8007143,광석리,36.266514,127.22518,2025-10-31,77200,25,대전광역시,대전BIS
DJB8007144,광석낚시터,36.271008,127.22425,2025-10-31,77190,25,대전광역시,대전BIS
DJB8007145,소라실,36.275196,127.224625,2025-10-31,77180,25,대전광역시,대전BIS
DJB8007146,향한리마을회관,36.28097,127.22168,2025-10-31,77160,25,대전광역시,대전BIS
DJB8007147,향적산입구,36.281673,127.21937,2025-10-31,77150,25,대전광역시,대전BIS
DJB8007148,장자동,36.273403,127.21282,2025-10-31,77140,25,대전광역시,대전BIS
DJB8007149,도곡2교,36.269638,127.214195,2025-10-31,77130,25,대전광역시,대전BIS
DJB8007152,MG새마을금고,36.273563,127.25632,2025-10-31,77220,25,대전광역시,대전BIS
DJB8007153,MG새마을금고,36.274178,127.25594,2025-10-31,77210,25,대전광역시,대전BIS
DJB8007154,중촌동과선교,36.342884,127.40902,2025-10-31,23510,25,대전광역시,대전BIS
DJB8007155,법원등기국,36.33241,127.334694,2025-10-31,46120,25,대전광역시,대전BIS
DJB8007156,법원등기국,36.332092,127.33451,2025-10-31,46130,25,대전광역시,대전BIS
DJB8007157,오월드기점지,36.292747,127.3995,2025-10-31,22740,25,대전광역시,대전BIS
DJB8007158,바깥아감,36.35206,127.49845,2025-10-31,14410,25,대전광역시,대전BIS
DJB8007159,세천공원,36.33067,127.4813,2025-10-31,14420,25,대전광역시,대전BIS
DJB8007160,세천공원,36.330853,127.48133,2025-10-31,14430,25,대전광역시,대전BIS
DJB8007161,꿈에그린아파트,36.388344,127.30299,2025-10-31,46160,25,대전광역시,대전BIS
DJB8007162,꿈에그린아파트,36.387886,127.30325,2025-10-31,46170,25,대전광역시,대전BIS
DJB8007163,해랑숲마을5단지,36.385983,127.30446,2025-10-31,46180,25,대전광역시,대전BIS
DJB8007164,해랑숲마을5단지,36.38605,127.304214,2025-10-31,46190,25,대전광역시,대전BIS
DJB8007165,해랑숲마을6단지,36.386375,127.308395,2025-10-31,46200,25,대전광역시,대전BIS
DJB8007166,계룡리슈빌아파트,36.385616,127.30856,2025-10-31,46210,25,대전광역시,대전BIS
DJB8007167,새미래중학교,36.379047,127.30589,2025-10-31,46220,25,대전광역시,대전BIS
DJB8007168,새미래중학교,36.37908,127.30605,2025-10-31,46230,25,대전광역시,대전BIS
DJB8007169,오토월드,36.34259,127.32124,2025-10-31,46240,25,대전광역시,대전BIS
DJB8007170,감나무골입구,36.28203,127.45755,2025-10-31,14440,25,대전광역시,대전BIS
DJB8007171,감나무골입구,36.282116,127.457695,2025-10-31,14450,25,대전광역시,대전BIS
DJB8007172,비래동종점,36.360878,127.4502,2025-10-31,51590,25,대전광역시,대전BIS
DJB8007173,대전동신과학고,36.331985,127.47629,2025-10-31,12680,25,대전광역시,대전BIS
DJB8007174,신대차고지,36.40874,127.42173,2025-10-31,53250,25,대전광역시,대전BIS
DJB8007175,들말,36.41106,127.42406,2025-10-31,53260,25,대전광역시,대전BIS
DJB8007176,들말,36.41117,127.4241,2025-10-31,53270,25,대전광역시,대전BIS
DJB8007177,옥녀봉체육공원,36.332397,127.34698,2025-10-31,46510,25,대전광역시,대전BIS
DJB8007178,옥녀봉체육공원,36.33193,127.346825,2025-10-31,33260,25,대전광역시,대전BIS
DJB8007179,효평고개소공원,36.39268,127.475845,2025-10-31,14460,25,대전광역시,대전BIS
DJB8007180,효평고개소공원,36.392544,127.475815,2025-10-31,14470,25,대전광역시,대전BIS
DJB8007181,에이팩,36.40399,127.37591,2025-10-31,46260,25,대전광역시,대전BIS
DJB8007182,에이팩,36.40469,127.37669,2025-10-31,46270,25,대전광역시,대전BIS
DJB8007183,한국전력공사,36.32715,127.372246,2025-10-31,35050,25,대전광역시,대전BIS
DJB8007184,예미지7단지,36.348034,127.347885,2025-10-31,45650,25,대전광역시,대전BIS
DJB8007185,지푸재,36.270634,127.45119,2025-10-31,14510,25,대전광역시,대전BIS
DJB8007186,지푸재,36.270527,127.4513,2025-10-31,14500,25,대전광역시,대전BIS
DJB8007187,장동주민문화센터,36.412663,127.44106,2025-10-31,53280,25,대전광역시,대전BIS
DJB8007188,장동주민문화센터,36.412624,127.44113,2025-10-31,53290,25,대전광역시,대전BIS
DJB8007189,현대아울렛남문,36.42222,127.39723,2025-10-31,46280,25,대전광역시,대전BIS
DJB8007190,반송마을입구,36.23446,127.28742,2025-10-31,35060,25,대전광역시,대전BIS
DJB8007191,반송마을입구,36.23449,127.28747,2025-10-31,35070,25,대전광역시,대전BIS
DJB8007192,부엉골교,36.198135,127.28141,2025-10-31,72360,25,대전광역시,대전BIS
DJB8007193,부엉골교,36.198257,127.281425,2025-10-31,72360,25,대전광역시,대전BIS
DJB8007194,남송타운,36.36046,127.52687,2025-10-31,62420,25,대전광역시,대전BIS
DJB8007198,계룡대제3문/국방출판지원단,36.316845,127.24357,2025-10-31,,25,대전광역시,대전BIS
DJB8007199,계룡대제3문/국방출판지원단,36.31695,127.24372,2025-10-31,,25,대전광역시,대전BIS
DJB8007200,더샵아파트,36.267464,127.27031,2025-10-31,,25,대전광역시,대전BIS
DJB8007201,이편한세상아파트정문,36.268574,127.26496,2025-10-31,,25,대전광역시,대전BIS
DJB8007202,엄사보건소,36.28379,127.23729,2025-10-31,,25,대전광역시,대전BIS
DJB8007204,신도초등학교,36.28236,127.23762,2025-10-31,77540,25,대전광역시,대전BIS
DJB8007205,신도초등학교,36.282497,127.237724,2025-10-31,77550,25,대전광역시,대전BIS
DJB8007206,대림아파트정문,36.26833,127.26505,2025-10-31,,25,대전광역시,대전BIS
DJB8007207,두마면사무소앞,36.266426,127.2716,2025-10-31,,25,대전광역시,대전BIS
DJB8001465,은어송하늘채리버뷰,36.298847,127.45835,2025-10-31,13590,25,대전광역시,대전BIS
DJB8001467,하늘채2차아파트,36.298443,127.45881,2025-10-31,13570,25,대전광역시,대전BIS
DJB8001470,삼괴동/덕산마을,36.258083,127.47912,2025-10-31,13920,25,대전광역시,대전BIS
DJB8001471,삼괴동/송촌마을,36.254814,127.47807,2025-10-31,13910,25,대전광역시,대전BIS
DJB8001472,삼괴동/덕산마을,36.25751,127.478935,2025-10-31,13930,25,대전광역시,대전BIS
DJB8001473,덕암동주민센터,36.438053,127.42623,2025-10-31,52330,25,대전광역시,대전BIS
DJB8001474,덕암동주민센터,36.4379,127.42651,2025-10-31,52340,25,대전광역시,대전BIS
DJB8001475,덕암동,36.445084,127.42397,2025-10-31,52090,25,대전광역시,대전BIS
DJB8001476,덕암우체국,36.434155,127.42192,2025-10-31,52240,25,대전광역시,대전BIS
DJB8001477,덕암우체국,36.43462,127.42183,2025-10-31,52050,25,대전광역시,대전BIS
DJB8001478,행복한마을아파트,36.437996,127.42321,2025-10-31,52290,25,대전광역시,대전BIS
DJB8001479,행복한마을아파트,36.438137,127.42305,2025-10-31,52080,25,대전광역시,대전BIS
DJB8001480,도리뫼,36.2329,127.407585,2025-10-31,22990,25,대전광역시,대전BIS
DJB8001481,도리뫼,36.232903,127.407745,2025-10-31,23000,25,대전광역시,대전BIS
DJB8001482,효성타운아파트,36.31159,127.383316,2025-10-31,30790,25,대전광역시,대전BIS
DJB8001483,도마e편한세상아파트,36.311737,127.38348,2025-10-31,30780,25,대전광역시,대전BIS
DJB8001484,머티네거리,36.309193,127.38768,2025-10-31,22320,25,대전광역시,대전BIS
DJB8001485,머티네거리,36.3101,127.38872,2025-10-31,22350,25,대전광역시,대전BIS
DJB8001486,머티네거리,36.31141,127.38883,2025-10-31,22360,25,대전광역시,대전BIS
DJB8001488,도마네거리,36.312645,127.38083,2025-10-31,30720,25,대전광역시,대전BIS
DJB8001489,도마e편한세상아파트,36.313824,127.3821,2025-10-31,30750,25,대전광역시,대전BIS
DJB8001490,도마네거리,36.313805,127.38126,2025-10-31,30730,25,대전광역시,대전BIS
DJB8001491,도마1동행정복지센터,36.31539,127.379196,2025-10-31,30710,25,대전광역시,대전BIS
DJB8001492,도마시장,36.314644,127.3839,2025-10-31,30770,25,대전광역시,대전BIS
DJB8001493,도마시장,36.314804,127.383514,2025-10-31,30760,25,대전광역시,대전BIS
DJB8001494,도마1동행정복지센터,36.31518,127.37899,2025-10-31,30700,25,대전광역시,대전BIS
DJB8001495,도마중학교,36.317863,127.37342,2025-10-31,30520,25,대전광역시,대전BIS
DJB8001496,도마중학교,36.31978,127.37371,2025-10-31,30550,25,대전광역시,대전BIS
DJB8001497,도산서원,36.343,127.39961,2025-10-31,31010,25,대전광역시,대전BIS
DJB8001498,도산서원,36.343464,127.399666,2025-10-31,31250,25,대전광역시,대전BIS
DJB8001499,금성백조아파트,36.358387,127.4505,2025-10-31,51610,25,대전광역시,대전BIS
DJB8001500,금성백조아파트,36.35832,127.45012,2025-10-31,51600,25,대전광역시,대전BIS
DJB8001512,돌마루,36.30066,127.27212,2025-10-31,40680,25,대전광역시,대전BIS
DJB8001513,돌마루,36.300896,127.27199,2025-10-31,40670,25,대전광역시,대전BIS
DJB8001514,원동네거리,36.32629,127.43351,2025-10-31,10020,25,대전광역시,대전BIS
DJB8001515,동대전고등학교,36.35702,127.427315,2025-10-31,51400,25,대전광역시,대전BIS
DJB8001516,동대전고등학교,36.357315,127.4271,2025-10-31,51390,25,대전광역시,대전BIS
DJB8001518,동명초등학교,36.373413,127.47544,2025-10-31,12580,25,대전광역시,대전BIS
DJB8001519,동명초등학교,36.37255,127.47566,2025-10-31,12570,25,대전광역시,대전BIS
DJB8001521,동명초등학교,36.373188,127.47517,2025-10-31,12590,25,대전광역시,대전BIS
DJB8001522,오월드회전교차로,36.291527,127.38817,2025-10-31,22610,25,대전광역시,대전BIS
DJB8001523,오월드회전교차로,36.29127,127.38825,2025-10-31,22620,25,대전광역시,대전BIS
DJB8001525,동방고등학교,36.30348,127.346924,2025-10-31,33010,25,대전광역시,대전BIS
DJB8001526,동방고등학교,36.30373,127.34588,2025-10-31,33000,25,대전광역시,대전BIS
DJB8001527,목척교,36.330685,127.43078,2025-10-31,12450,25,대전광역시,대전BIS
DJB8001528,목척교,36.33036,127.4299,2025-10-31,12420,25,대전광역시,대전BIS
DJB8001529,목척교,36.330624,127.430565,2025-10-31,12440,25,대전광역시,대전BIS
DJB8001532,보람아파트,36.37007,127.429375,2025-10-31,51170,25,대전광역시,대전BIS
DJB8001533,동부네거리,36.350216,127.44048,2025-10-31,11490,25,대전광역시,대전BIS
DJB8001534,동부네거리,36.35043,127.43968,2025-10-31,11870,25,대전광역시,대전BIS
DJB8001535,적십자혈액원,36.352783,127.44282,2025-10-31,51000,25,대전광역시,대전BIS
DJB8001536,대덕소방서,36.373375,127.42845,2025-10-31,51150,25,대전광역시,대전BIS
DJB8001538,동산중고등학교,36.314426,127.40493,2025-10-31,22000,25,대전광역시,대전BIS
DJB8001539,동산중고등학교,36.31461,127.40472,2025-10-31,21990,25,대전광역시,대전BIS
DJB8001540,중도일보,36.326393,127.408005,2025-10-31,21190,25,대전광역시,대전BIS
DJB8001541,오룡역2번출구,36.328133,127.4042,2025-10-31,21290,25,대전광역시,대전BIS
DJB8001542,오룡역4번출구,36.32992,127.40309,2025-10-31,21260,25,대전광역시,대전BIS
DJB8001543,오룡역6번출구,36.329334,127.40689,2025-10-31,21170,25,대전광역시,대전BIS
DJB8001545,대전동신과학고,36.33145,127.47566,2025-10-31,12670,25,대전광역시,대전BIS
DJB8001546,대전동신과학고,36.332317,127.47736,2025-10-31,12680,25,대전광역시,대전BIS
DJB8001547,동아마이스터고,36.34487,127.45285,2025-10-31,11660,25,대전광역시,대전BIS
DJB8001548,동아마이스터고,36.344177,127.45187,2025-10-31,11370,25,대전광역시,대전BIS
DJB8001549,동아교재,36.374016,127.41393,2025-10-31,50510,25,대전광역시,대전BIS
DJB8001550,동아교재,36.37418,127.413864,2025-10-31,50500,25,대전광역시,대전BIS
DJB8001551,동아연필,36.36828,127.40163,2025-10-31,50380,25,대전광역시,대전BIS
DJB8002676,원내동,36.2988,127.31613,2025-10-31,40030,25,대전광역시,대전BIS
DJB8002677,진잠중학교,36.296177,127.317154,2025-10-31,40070,25,대전광역시,대전BIS
DJB8002678,진잠중학교,36.29632,127.3173,2025-10-31,40060,25,대전광역시,대전BIS
DJB8002679,진잠초등학교,36.301,127.315384,2025-10-31,40010,25,대전광역시,대전BIS
DJB8002681,진잠타운아파트,36.295723,127.321304,2025-10-31,40200,25,대전광역시,대전BIS
DJB8002682,한국효문화진흥원,36.285282,127.3804,2025-10-31,22480,25,대전광역시,대전BIS
DJB8002683,한국효문화진흥원,36.284946,127.381836,2025-10-31,22490,25,대전광역시,대전BIS
DJB8002684,천개동종점,36.38206,127.45881,2025-10-31,12890,25,대전광역시,대전BIS
DJB8002685,천근오거리,36.3093,127.403275,2025-10-31,21980,25,대전광역시,대전BIS
DJB8002686,천근오거리,36.309452,127.403206,2025-10-31,21970,25,대전광역시,대전BIS
DJB8002687,천동,36.311913,127.44531,2025-10-31,10260,25,대전광역시,대전BIS
DJB8002688,천동,36.311775,127.44478,2025-10-31,10250,25,대전광역시,대전BIS
DJB8002689,천동주공아파트,36.310764,127.448616,2025-10-31,10280,25,대전광역시,대전BIS
DJB8002690,천동주공아파트,36.310314,127.4487,2025-10-31,10270,25,대전광역시,대전BIS
DJB8002691,효동현대아파트,36.317142,127.441475,2025-10-31,10210,25,대전광역시,대전BIS
DJB8002692,효동현대아파트,36.318287,127.44251,2025-10-31,10220,25,대전광역시,대전BIS
DJB8002693,천양원,36.359417,127.325035,2025-10-31,41490,25,대전광역시,대전BIS
DJB8002694,천양원,36.359573,127.32464,2025-10-31,41480,25,대전광역시,대전BIS
DJB8002695,대전역/하나은행,36.333744,127.43168,2025-10-31,12380,25,대전광역시,대전BIS
DJB8002696,청란여자고등학교,36.313366,127.430954,2025-10-31,21080,25,대전광역시,대전BIS
DJB8002697,청란여자고등학교,36.313583,127.43115,2025-10-31,21070,25,대전광역시,대전BIS
DJB8002698,청소년수련원,36.226437,127.4451,2025-10-31,14090,25,대전광역시,대전BIS
DJB8002699,청소년수련원,36.226402,127.445244,2025-10-31,14100,25,대전광역시,대전BIS
DJB8002700,대덕구청소년수련관,36.363194,127.43526,2025-10-31,51490,25,대전광역시,대전BIS
DJB8002701,대덕구청소년수련관,36.363132,127.43503,2025-10-31,51480,25,대전광역시,대전BIS
DJB8002702,청솔아파트,36.351105,127.397194,2025-10-31,31300,25,대전광역시,대전BIS
DJB8002703,청솔아파트,36.351364,127.3983,2025-10-31,31310,25,대전광역시,대전BIS
DJB8002704,체육재활원,36.367813,127.4185,2025-10-31,50560,25,대전광역시,대전BIS
DJB8002705,초록마을3단지,36.300117,127.37878,2025-10-31,30120,25,대전광역시,대전BIS
DJB8002706,초록마을네거리,36.299213,127.37852,2025-10-31,30100,25,대전광역시,대전BIS
DJB8002707,초록마을1단지,36.30422,127.37948,2025-10-31,30140,25,대전광역시,대전BIS
DJB8002708,초록마을1단지,36.30444,127.379395,2025-10-31,30130,25,대전광역시,대전BIS
DJB8002709,추동,36.36415,127.47658,2025-10-31,12770,25,대전광역시,대전BIS
DJB8002710,추동,36.364178,127.47642,2025-10-31,12760,25,대전광역시,대전BIS
DJB8002712,상추,36.374405,127.4679,2025-10-31,12500,25,대전광역시,대전BIS
DJB8002713,상추,36.374332,127.46789,2025-10-31,12490,25,대전광역시,대전BIS
DJB8002714,중말,36.373337,127.46844,2025-10-31,12510,25,대전광역시,대전BIS
DJB8002715,추동취수장,36.370747,127.475746,2025-10-31,12600,25,대전광역시,대전BIS
DJB8002716,추동취수장,36.37068,127.475845,2025-10-31,12610,25,대전광역시,대전BIS
DJB8002717,충남고등학교,36.349094,127.39294,2025-10-31,32580,25,대전광역시,대전BIS
DJB8002718,충남기계공고,36.31178,127.40145,2025-10-31,21950,25,대전광역시,대전BIS
DJB8002719,충남기계공고,36.31246,127.402214,2025-10-31,21960,25,대전광역시,대전BIS
DJB8002720,충남대학교,36.36136,127.34468,2025-10-31,42620,25,대전광역시,대전BIS
DJB8002721,충남대학교,36.36156,127.34412,2025-10-31,42600,25,대전광역시,대전BIS
DJB8002722,충남대학교,36.36265,127.34368,2025-10-31,42590,25,대전광역시,대전BIS
DJB8002723,충남대학교병원,36.31751,127.413574,2025-10-31,22220,25,대전광역시,대전BIS
DJB8002724,충남대학교병원,36.317802,127.41348,2025-10-31,22210,25,대전광역시,대전BIS
DJB8002725,충남대학교입구,36.361355,127.34603,2025-10-31,42650,25,대전광역시,대전BIS
DJB8002726,충남여자중고등학교,36.33083,127.409966,2025-10-31,20380,25,대전광역시,대전BIS
DJB8002727,충남중학교,36.324642,127.44547,2025-10-31,10590,25,대전광역시,대전BIS
DJB8002728,충남중학교,36.3247,127.44583,2025-10-31,11250,25,대전광역시,대전BIS
DJB8002729,나라키움청사/3.8기념관,36.328552,127.420425,2025-10-31,20210,25,대전광역시,대전BIS
DJB8002730,나라키움청사/3.8기념관,36.328785,127.420654,2025-10-31,20220,25,대전광역시,대전BIS
DJB8002733,대전충남병무청,36.322647,127.41511,2025-10-31,22250,25,대전광역시,대전BIS
DJB8002734,대전충남병무청,36.322998,127.41465,2025-10-31,21240,25,대전광역시,대전BIS
DJB8002735,충대농대입구,36.36042,127.35253,2025-10-31,42710,25,대전광역시,대전BIS
DJB8002736,충대농대종점,36.365704,127.352036,2025-10-31,42740,25,대전광역시,대전BIS
DJB8002737,충대농대종점,36.36593,127.351974,2025-10-31,42750,25,대전광역시,대전BIS
DJB8002738,충대수의대,36.37747,127.34274,2025-10-31,42580,25,대전광역시,대전BIS
DJB8002739,북대전세무서/보훈요양원,36.37433,127.34173,2025-10-31,42560,25,대전광역시,대전BIS
DJB8002740,북대전세무서/보훈요양원,36.374523,127.34144,2025-10-31,42550,25,대전광역시,대전BIS
DJB8002741,충대서문,36.369427,127.34012,2025-10-31,42530,25,대전광역시,대전BIS
DJB8007208,에코힐7단지,36.382023,127.30592,2025-10-31,46290,25,대전광역시,대전BIS
DJB8007209,트리풀시티포레1단지,36.381172,127.30612,2025-10-31,46300,25,대전광역시,대전BIS
DJB8007210,지수체육공원입구,36.429977,127.412224,2025-10-31,53310,25,대전광역시,대전BIS
DJB8007211,회덕과선교,36.404003,127.42436,2025-10-31,53320,25,대전광역시,대전BIS
DJB8007212,회덕과선교,36.404247,127.42425,2025-10-31,53330,25,대전광역시,대전BIS
DJB8007213,중부대입구,36.193592,127.455666,2025-10-31,74780,25,대전광역시,대전BIS
DJB8007214,중부대입구,36.194126,127.45752,2025-10-31,74760,25,대전광역시,대전BIS
DJB8007215,침산교/점말,36.27637,127.397285,2025-10-31,23580,25,대전광역시,대전BIS
DJB8007216,침산교/점말,36.27634,127.397415,2025-10-31,23590,25,대전광역시,대전BIS
DJB8007217,침산동,36.27371,127.396255,2025-10-31,23600,25,대전광역시,대전BIS
DJB8007218,침산동,36.27363,127.396385,2025-10-31,23610,25,대전광역시,대전BIS
DJB8007219,금동,36.245754,127.42814,2025-10-31,23620,25,대전광역시,대전BIS
DJB8007220,삼성2동,36.34003,127.41628,2025-10-31,14540,25,대전광역시,대전BIS
DJB8007221,현암시장,36.342278,127.416336,2025-10-31,14550,25,대전광역시,대전BIS
DJB8007222,한텍,36.42202,127.40115,2025-10-31,82310,25,대전광역시,대전BIS
DJB8007223,한텍,36.422043,127.40179,2025-10-31,82320,25,대전광역시,대전BIS
DJB8007224,대전테크노파크,36.42062,127.40433,2025-10-31,82330,25,대전광역시,대전BIS
DJB8007225,대전테크노파크,36.42086,127.40454,2025-10-31,82340,25,대전광역시,대전BIS
DJB8007226,조은정밀,36.416348,127.40682,2025-10-31,82350,25,대전광역시,대전BIS
DJB8007227,조은정밀,36.415512,127.40707,2025-10-31,82360,25,대전광역시,대전BIS
DJB8007228,청벽산공원,36.413357,127.40698,2025-10-31,82370,25,대전광역시,대전BIS
DJB8007229,학하중앙로,36.34089,127.307686,2025-10-31,82470,25,대전광역시,대전BIS
DJB8007230,미학아파트,36.34174,127.30312,2025-10-31,82450,25,대전광역시,대전BIS
DJB8007231,씨엔씨티에너지학하CES,36.34421,127.307976,2025-10-31,82430,25,대전광역시,대전BIS
DJB8007232,복용3통,36.34466,127.31346,2025-10-31,82410,25,대전광역시,대전BIS
DJB8007233,복용1통,36.34295,127.31758,2025-10-31,82390,25,대전광역시,대전BIS
DJB8007235,구즉동주민센터,36.44035,127.38412,2025-10-31,82510,25,대전광역시,대전BIS
DJB8007236,구즉동주민센터,36.440296,127.38431,2025-10-31,82520,25,대전광역시,대전BIS
DJB8007237,구즉초등학교,36.439796,127.38187,2025-10-31,82540,25,대전광역시,대전BIS
DJB8007238,복용1통,36.343098,127.31787,2025-10-31,82380,25,대전광역시,대전BIS
DJB8007239,복용3통,36.34521,127.31292,2025-10-31,82400,25,대전광역시,대전BIS
DJB8007240,씨엔씨티에너지학하CES,36.34449,127.30779,2025-10-31,82420,25,대전광역시,대전BIS
DJB8007241,학하중앙로,36.34064,127.30772,2025-10-31,82460,25,대전광역시,대전BIS
DJB8007242,양구례마을,36.405228,127.491714,2025-10-31,14570,25,대전광역시,대전BIS
DJB8007243,양구례마을,36.40522,127.49181,2025-10-31,14560,25,대전광역시,대전BIS
DJB8007244,예미지7단지,36.346813,127.347885,2025-10-31,46310,25,대전광역시,대전BIS
DJB8007245,대청병원,36.307415,127.36973,2025-10-31,35160,25,대전광역시,대전BIS
DJB8007246,대청병원,36.30659,127.370605,2025-10-31,35150,25,대전광역시,대전BIS
DJB8007247,안골입구,36.28805,127.248924,2025-10-31,46320,25,대전광역시,대전BIS
DJB8007248,안골입구,36.288105,127.24904,2025-10-31,46330,25,대전광역시,대전BIS
DJB8007249,신탄진동행정복지센터,36.452824,127.42855,2025-10-31,53350,25,대전광역시,대전BIS
DJB8007250,신탄진동행정복지센터,36.452038,127.42889,2025-10-31,53360,25,대전광역시,대전BIS
DJB8007252,금강엑슬루타워정문,36.449993,127.418785,2025-10-31,53370,25,대전광역시,대전BIS
DJB8007254,계룡역,36.273308,127.26437,2025-10-31,73820,25,대전광역시,대전BIS
DJB8007255,우명동낚시터,36.22855,127.29341,2025-10-31,35170,25,대전광역시,대전BIS
DJB8007256,우명동낚시터,36.22865,127.293,2025-10-31,35180,25,대전광역시,대전BIS
DJB8007257,사정공원,36.298557,127.405045,2025-10-31,23630,25,대전광역시,대전BIS
DJB8007258,오룡골,36.24634,127.34675,2025-10-31,35120,25,대전광역시,대전BIS
DJB8007259,산직2동종점,36.24337,127.35234,2025-10-31,35140,25,대전광역시,대전BIS
DJB8007260,오룡골,36.24644,127.346695,2025-10-31,35130,25,대전광역시,대전BIS
DJB8007262,보훈병원,36.447773,127.439354,2025-10-31,53390,25,대전광역시,대전BIS
DJB8007263,원내동공영차고지,36.292538,127.318535,2025-10-31,46340,25,대전광역시,대전BIS
DJB8007264,암뱀골,36.275837,127.364456,2025-10-31,35190,25,대전광역시,대전BIS
DJB8007265,암뱀골,36.27578,127.36462,2025-10-31,35200,25,대전광역시,대전BIS
DJB8007266,세천공원삼거리,36.347797,127.49798,2025-10-31,14580,25,대전광역시,대전BIS
DJB8007268,대전역동광장,36.333817,127.43729,2025-10-31,14630,25,대전광역시,대전BIS
DJB8007269,한밭자이아파트,36.340706,127.42624,2025-10-31,14590,25,대전광역시,대전BIS
DJB8007270,한밭자이아파트,36.341194,127.425095,2025-10-31,14600,25,대전광역시,대전BIS
DJB8007271,솔랑마을아파트,36.343445,127.42238,2025-10-31,14610,25,대전광역시,대전BIS
DJB8007272,솔랑마을아파트,36.343925,127.42126,2025-10-31,14620,25,대전광역시,대전BIS
DJB8007273,대덕구청,36.346073,127.418785,2025-10-31,53400,25,대전광역시,대전BIS
DJB8007274,대덕구청,36.34656,127.41774,2025-10-31,53410,25,대전광역시,대전BIS
DJB8007275,한남오거리(BRT),36.349724,127.4144,2025-10-31,53420,25,대전광역시,대전BIS
DJB8007276,한남오거리(BRT),36.35016,127.4133,2025-10-31,53430,25,대전광역시,대전BIS
DJB8007277,오정동행정복지센터,36.351765,127.41176,2025-10-31,53440,25,대전광역시,대전BIS
DJB8007278,오정동행정복지센터,36.352303,127.41063,2025-10-31,53450,25,대전광역시,대전BIS
DJB8007279,오정농수산오거리,36.355083,127.40762,2025-10-31,53460,25,대전광역시,대전BIS
DJB8007280,오정농수산오거리,36.355618,127.406456,2025-10-31,53470,25,대전광역시,대전BIS
DJB8007281,다온숲아파트,36.292007,127.33991,2025-10-31,35210,25,대전광역시,대전BIS
DJB8007282,다온숲아파트,36.292477,127.339554,2025-10-31,35220,25,대전광역시,대전BIS
DJB8007283,천년나무아파트,36.293964,127.34372,2025-10-31,35230,25,대전광역시,대전BIS
DJB8007284,어반힐스아파트,36.293922,127.343346,2025-10-31,35240,25,대전광역시,대전BIS
DJB8007285,느리울초등학교,36.29712,127.3422,2025-10-31,35250,25,대전광역시,대전BIS
DJB8007286,느리울13단지,36.297474,127.34458,2025-10-31,35260,25,대전광역시,대전BIS
DJB8007287,관저체육공원,36.29238,127.33737,2025-10-31,35270,25,대전광역시,대전BIS
DJB8007288,오정농수산시장,36.35867,127.404686,2025-10-31,53480,25,대전광역시,대전BIS
DJB8007289,대덕산업단지,36.43776,127.3964,2025-10-31,53490,25,대전광역시,대전BIS
DJB8007290,대덕산업단지,36.438034,127.39567,2025-10-31,53500,25,대전광역시,대전BIS
DJB8001552,동아연필,36.368904,127.40291,2025-10-31,50390,25,대전광역시,대전BIS
DJB8001553,동춘당,36.365147,127.440155,2025-10-31,50960,25,대전광역시,대전BIS
DJB8001554,동춘당,36.36473,127.44036,2025-10-31,50950,25,대전광역시,대전BIS
DJB8001555,관평중학교,36.42417,127.38874,2025-10-31,44560,25,대전광역시,대전BIS
DJB8001556,관평중학교,36.423775,127.38831,2025-10-31,44550,25,대전광역시,대전BIS
DJB8001557,계룡과선교,36.26698,127.28032,2025-10-31,45980,25,대전광역시,대전BIS
DJB8001558,계룡과선교,36.267704,127.27868,2025-10-31,40980,25,대전광역시,대전BIS
DJB8001559,계룡과선교,36.26632,127.28078,2025-10-31,40990,25,대전광역시,대전BIS
DJB8001560,대화동육교,36.36611,127.418945,2025-10-31,50580,25,대전광역시,대전BIS
DJB8001561,둔곡동,36.452717,127.359116,2025-10-31,45160,25,대전광역시,대전BIS
DJB8001562,둔곡동,36.45287,127.35893,2025-10-31,45150,25,대전광역시,대전BIS
DJB8001563,둔곡3교,36.45786,127.36033,2025-10-31,45140,25,대전광역시,대전BIS
DJB8001564,둔곡3교,36.457825,127.35991,2025-10-31,45130,25,대전광역시,대전BIS
DJB8001565,둔산2동주민센터,36.353455,127.380875,2025-10-31,32230,25,대전광역시,대전BIS
DJB8001567,둔산경찰서,36.35854,127.37959,2025-10-31,32160,25,대전광역시,대전BIS
DJB8001568,통계센터,36.35903,127.37925,2025-10-31,32970,25,대전광역시,대전BIS
DJB8001569,둔산여자고등학교,36.353165,127.37445,2025-10-31,31990,25,대전광역시,대전BIS
DJB8001570,둔산여자고등학교,36.353825,127.37399,2025-10-31,31930,25,대전광역시,대전BIS
DJB8001571,둔산전자타운,36.33984,127.39495,2025-10-31,31200,25,대전광역시,대전BIS
DJB8001572,둔산초등학교,36.34839,127.383026,2025-10-31,31040,25,대전광역시,대전BIS
DJB8001573,둔산초등학교,36.34841,127.38273,2025-10-31,32280,25,대전광역시,대전BIS
DJB8001574,둥지아파트,36.357735,127.39124,2025-10-31,32510,25,대전광역시,대전BIS
DJB8001575,사학연금회관,36.35865,127.39041,2025-10-31,32490,25,대전광역시,대전BIS
DJB8001576,둥지아파트정문,36.359592,127.39258,2025-10-31,32560,25,대전광역시,대전BIS
DJB8001577,한샘근린공원,36.31537,127.31984,2025-10-31,45300,25,대전광역시,대전BIS
DJB8001578,한샘근린공원,36.315403,127.32004,2025-10-31,45310,25,대전광역시,대전BIS
DJB8001579,드리움아파트,36.313576,127.32004,2025-10-31,40340,25,대전광역시,대전BIS
DJB8001580,드리움아파트,36.31222,127.31981,2025-10-31,40330,25,대전광역시,대전BIS
DJB8001581,들말/신대차고지,36.41246,127.42436,2025-10-31,50820,25,대전광역시,대전BIS
DJB8001582,등골,36.267963,127.35197,2025-10-31,33840,25,대전광역시,대전BIS
DJB8001583,럭키스포츠프라자,36.365402,127.42298,2025-10-31,51310,25,대전광역시,대전BIS
DJB8001584,롯데마트서대전점,36.30045,127.32627,2025-10-31,46520,25,대전광역시,대전BIS
DJB8001585,롯데마트대덕점,36.426838,127.38976,2025-10-31,44590,25,대전광역시,대전BIS
DJB8001586,롯데마트대덕점,36.427063,127.38991,2025-10-31,44600,25,대전광역시,대전BIS
DJB8001587,롯데백화점,36.340076,127.39074,2025-10-31,31450,25,대전광역시,대전BIS
DJB8001588,대전외국어고/롯데아파트,36.33752,127.3665,2025-10-31,31560,25,대전광역시,대전BIS
DJB8001589,대전외국어고/롯데아파트,36.33768,127.36673,2025-10-31,31570,25,대전광역시,대전BIS
DJB8001590,봉명동우체국,36.35465,127.33812,2025-10-31,41210,25,대전광역시,대전BIS
DJB8001591,마산/진등날,36.383476,127.47977,2025-10-31,12850,25,대전광역시,대전BIS
DJB8001592,마산/진등날,36.383434,127.47952,2025-10-31,12840,25,대전광역시,대전BIS
DJB8001593,마산B지구,36.379017,127.47793,2025-10-31,12630,25,대전광역시,대전BIS
DJB8001594,마산B지구,36.37909,127.47783,2025-10-31,12620,25,대전광역시,대전BIS
DJB8001595,만년고등학교,36.36777,127.37283,2025-10-31,34660,25,대전광역시,대전BIS
DJB8001596,만년교,36.351994,127.34679,2025-10-31,41370,25,대전광역시,대전BIS
DJB8001597,만년동,36.365078,127.3757,2025-10-31,34700,25,대전광역시,대전BIS
DJB8001598,만년중학교,36.367176,127.37566,2025-10-31,34690,25,대전광역시,대전BIS
DJB8001599,신일네거리,36.436485,127.40651,2025-10-31,51890,25,대전광역시,대전BIS
DJB8001600,만인산공원,36.20359,127.443375,2025-10-31,14080,25,대전광역시,대전BIS
DJB8001601,만인산공원,36.204174,127.44241,2025-10-31,14070,25,대전광역시,대전BIS
DJB8001602,만인산휴양림,36.200634,127.44938,2025-10-31,14110,25,대전광역시,대전BIS
DJB8001603,만인산휴양림,36.20075,127.44946,2025-10-31,14120,25,대전광역시,대전BIS
DJB8001604,맑은아침아파트,36.330452,127.38306,2025-10-31,31720,25,대전광역시,대전BIS
DJB8001605,매노동,36.247276,127.343376,2025-10-31,33780,25,대전광역시,대전BIS
DJB8001606,매노동,36.247124,127.34333,2025-10-31,33770,25,대전광역시,대전BIS
DJB8001607,금고동매립장,36.460518,127.38882,2025-10-31,44910,25,대전광역시,대전BIS
DJB8001608,금고동매립장,36.460464,127.388626,2025-10-31,44900,25,대전광역시,대전BIS
DJB8001609,면허시험장,36.28967,127.46193,2025-10-31,13530,25,대전광역시,대전BIS
DJB8001610,면허시험장,36.28984,127.46209,2025-10-31,13540,25,대전광역시,대전BIS
DJB8001611,명석고등학교,36.353424,127.45411,2025-10-31,51630,25,대전광역시,대전BIS
DJB8001612,명석고등학교,36.354073,127.45417,2025-10-31,11690,25,대전광역시,대전BIS
DJB8001613,모래재,36.38123,127.51561,2025-10-31,13240,25,대전광역시,대전BIS
DJB8001614,모래재,36.38136,127.515526,2025-10-31,13230,25,대전광역시,대전BIS
DJB8001615,모랭이,36.24494,127.422035,2025-10-31,23080,25,대전광역시,대전BIS
DJB8001616,모랭이,36.244854,127.421906,2025-10-31,23070,25,대전광역시,대전BIS
DJB8001617,용운도서관,36.324986,127.46193,2025-10-31,11060,25,대전광역시,대전BIS
DJB8001618,용운도서관,36.32468,127.462204,2025-10-31,11070,25,대전광역시,대전BIS
DJB8001619,모리아파트,36.323086,127.46233,2025-10-31,11080,25,대전광역시,대전BIS
DJB8001620,모세골,36.28792,127.36061,2025-10-31,34570,25,대전광역시,대전BIS
DJB8002742,충대서문,36.37055,127.34012,2025-10-31,42540,25,대전광역시,대전BIS
DJB8002743,한밭종합운동장,36.31635,127.43282,2025-10-31,21090,25,대전광역시,대전BIS
DJB8002744,한밭종합운동장,36.317005,127.432846,2025-10-31,21100,25,대전광역시,대전BIS
DJB8002745,충렬사삼거리,36.396973,127.35464,2025-10-31,43340,25,대전광역시,대전BIS
DJB8002746,충열사,36.397293,127.35567,2025-10-31,43350,25,대전광역시,대전BIS
DJB8002747,대전동부교육지원청,36.31403,127.41129,2025-10-31,22190,25,대전광역시,대전BIS
DJB8002748,중도일보,36.326077,127.40773,2025-10-31,21390,25,대전광역시,대전BIS
DJB8002750,침산동입구,36.277416,127.39842,2025-10-31,22760,25,대전광역시,대전BIS
DJB8002751,침산동입구,36.277416,127.39857,2025-10-31,22770,25,대전광역시,대전BIS
DJB8002753,서우아파트1단지,36.334286,127.36974,2025-10-31,31580,25,대전광역시,대전BIS
DJB8002754,코오롱아파트,36.33432,127.37108,2025-10-31,31590,25,대전광역시,대전BIS
DJB8002756,크로바아파트,36.3514,127.393265,2025-10-31,32590,25,대전광역시,대전BIS
DJB8002757,큰마을아파트,36.347553,127.37715,2025-10-31,31970,25,대전광역시,대전BIS
DJB8002758,탄방네거리,36.342167,127.38628,2025-10-31,31420,25,대전광역시,대전BIS
DJB8002759,탄방동주민센터,36.347897,127.39532,2025-10-31,31210,25,대전광역시,대전BIS
DJB8002760,탄방역.대전고용센터,36.346523,127.38569,2025-10-31,31100,25,대전광역시,대전BIS
DJB8002761,e편한세상아파트,36.34129,127.396805,2025-10-31,31220,25,대전광역시,대전BIS
DJB8002762,e편한세상아파트,36.3414,127.39745,2025-10-31,31230,25,대전광역시,대전BIS
DJB8002763,탄방중학교,36.350273,127.39484,2025-10-31,32610,25,대전광역시,대전BIS
DJB8002764,탑골입구,36.305153,127.39357,2025-10-31,22420,25,대전광역시,대전BIS
DJB8002765,탑립동,36.41055,127.40434,2025-10-31,44330,25,대전광역시,대전BIS
DJB8002766,탑립1통,36.408726,127.39604,2025-10-31,44300,25,대전광역시,대전BIS
DJB8002767,탑립1통,36.40883,127.39574,2025-10-31,44290,25,대전광역시,대전BIS
DJB8002768,탑립1통산의절,36.40971,127.39842,2025-10-31,44320,25,대전광역시,대전BIS
DJB8002769,탑립1통산의절,36.409542,127.39847,2025-10-31,44310,25,대전광역시,대전BIS
DJB8002775,탑립육교,36.411274,127.39456,2025-10-31,44400,25,대전광역시,대전BIS
DJB8002776,탑립육교,36.41125,127.39476,2025-10-31,44410,25,대전광역시,대전BIS
DJB8002777,태양마을,36.437057,127.43394,2025-10-31,52380,25,대전광역시,대전BIS
DJB8002778,태평1동주민센터,36.326595,127.397446,2025-10-31,21550,25,대전광역시,대전BIS
DJB8002779,태평1동주민센터,36.326122,127.3967,2025-10-31,21580,25,대전광역시,대전BIS
DJB8002780,오류네거리,36.32673,127.403206,2025-10-31,21280,25,대전광역시,대전BIS
DJB8002781,오류네거리,36.32699,127.40282,2025-10-31,21270,25,대전광역시,대전BIS
DJB8002784,오류초등학교입구,36.326538,127.40423,2025-10-31,21310,25,대전광역시,대전BIS
DJB8002785,오류초등학교입구,36.32637,127.40397,2025-10-31,21320,25,대전광역시,대전BIS
DJB8002786,삼부/새롬아파트,36.322155,127.38996,2025-10-31,21430,25,대전광역시,대전BIS
DJB8002787,태평중학교,36.32976,127.3968,2025-10-31,21570,25,대전광역시,대전BIS
DJB8002788,태평시장,36.324688,127.395035,2025-10-31,21520,25,대전광역시,대전BIS
DJB8002789,태평시장,36.324833,127.395294,2025-10-31,21530,25,대전광역시,대전BIS
DJB8002790,태평오거리,36.326183,127.39304,2025-10-31,21470,25,대전광역시,대전BIS
DJB8002791,태평오거리,36.326595,127.39499,2025-10-31,21510,25,대전광역시,대전BIS
DJB8002792,태평오거리,36.32652,127.39526,2025-10-31,21540,25,대전광역시,대전BIS
DJB8002793,태평오거리,36.326553,127.39286,2025-10-31,21460,25,대전광역시,대전BIS
DJB8002794,쌍용예가아파트,36.322586,127.39824,2025-10-31,21800,25,대전광역시,대전BIS
DJB8002795,쌍용예가아파트,36.32281,127.398125,2025-10-31,21590,25,대전광역시,대전BIS
DJB8002796,태평초등학교,36.32149,127.39439,2025-10-31,21740,25,대전광역시,대전BIS
DJB8002797,태평초등학교,36.321724,127.39432,2025-10-31,21500,25,대전광역시,대전BIS
DJB8002798,테미삼거리,36.31835,127.4186,2025-10-31,20540,25,대전광역시,대전BIS
DJB8002799,테미고개,36.31779,127.42311,2025-10-31,21020,25,대전광역시,대전BIS
DJB8002800,테미고개,36.318043,127.42363,2025-10-31,20670,25,대전광역시,대전BIS
DJB8002801,대전광역시노인복지관,36.319736,127.4201,2025-10-31,20590,25,대전광역시,대전BIS
DJB8002802,대전광역시노인복지관,36.320297,127.42004,2025-10-31,20580,25,대전광역시,대전BIS
DJB8002803,테미삼거리,36.318108,127.419106,2025-10-31,20560,25,대전광역시,대전BIS
DJB8002804,테크노밸리12단지,36.417107,127.39259,2025-10-31,47120,25,대전광역시,대전BIS
DJB8002805,테크노밸리12단지,36.417316,127.39279,2025-10-31,47090,25,대전광역시,대전BIS
DJB8002806,토망대,36.417072,127.53016,2025-10-31,13290,25,대전광역시,대전BIS
DJB8002807,토망대.오동,36.416924,127.53055,2025-10-31,13300,25,대전광역시,대전BIS
DJB8002808,토옥골,36.239403,127.343994,2025-10-31,34080,25,대전광역시,대전BIS
DJB8002809,토토자연학습원,36.285057,127.45818,2025-10-31,13490,25,대전광역시,대전BIS
DJB8002810,토토자연학습원,36.28513,127.45837,2025-10-31,13500,25,대전광역시,대전BIS
DJB8002811,국군대전병원,36.402084,127.34605,2025-10-31,43680,25,대전광역시,대전BIS
DJB8002814,파랑새네거리,36.353065,127.379524,2025-10-31,32150,25,대전광역시,대전BIS
DJB8002815,파랑새아파트,36.355965,127.37598,2025-10-31,32020,25,대전광역시,대전BIS
DJB8002816,판암역네거리,36.317326,127.45653,2025-10-31,10690,25,대전광역시,대전BIS
DJB8002817,판암근린공원,36.317993,127.45208,2025-10-31,10650,25,대전광역시,대전BIS
DJB8007291,한국개발연구원(KDI),36.481125,127.30788,2025-10-31,51120,25,대전광역시,대전BIS
DJB8007292,한국개발연구원(KDI),36.48127,127.30753,2025-10-31,51119,25,대전광역시,대전BIS
DJB8007293,소담동,36.482742,127.29741,2025-10-31,51115,25,대전광역시,대전BIS
DJB8007294,소담동,36.48251,127.29798,2025-10-31,51117,25,대전광역시,대전BIS
DJB8007295,세종시청.교육청.시의회,36.478638,127.28877,2025-10-31,51112,25,대전광역시,대전BIS
DJB8007296,세종시청.교육청.시의회,36.478367,127.288246,2025-10-31,51111,25,대전광역시,대전BIS
DJB8007297,보람동.대평동,36.475502,127.281425,2025-10-31,51110,25,대전광역시,대전BIS
DJB8007298,보람동.대평동,36.475105,127.28091,2025-10-31,51107,25,대전광역시,대전BIS
DJB8007299,세종터미널,36.470848,127.273125,2025-10-31,51121,25,대전광역시,대전BIS
DJB8007300,세종터미널,36.470715,127.27319,2025-10-31,51122,25,대전광역시,대전BIS
DJB8007318,서일고/서일여고,36.295162,127.32565,2025-10-31,35280,25,대전광역시,대전BIS
DJB8007319,서일고/서일여고,36.295513,127.32604,2025-10-31,35290,25,대전광역시,대전BIS
DJB8007320,죽동예미지아파트,36.36988,127.33465,2025-10-31,46360,25,대전광역시,대전BIS
DJB8007321,죽동천년나무아파트,36.37067,127.3367,2025-10-31,46380,25,대전광역시,대전BIS
DJB8007322,충대서문,36.37024,127.34049,2025-10-31,46400,25,대전광역시,대전BIS
DJB8007323,죽동천년나무아파트,36.37074,127.3376,2025-10-31,46390,25,대전광역시,대전BIS
DJB8007324,죽동칸타빌아파트,36.36913,127.33394,2025-10-31,46370,25,대전광역시,대전BIS
DJB8007325,월평역,36.3585,127.36101,2025-10-31,35300,25,대전광역시,대전BIS
DJB8007326,서부소방서,36.309498,127.37171,2025-10-31,34750,25,대전광역시,대전BIS
DJB8007327,홀트아동복지회관,36.312157,127.41382,2025-10-31,23640,25,대전광역시,대전BIS
DJB8007328,목달동/송곡가든,36.268944,127.40438,2025-10-31,23650,25,대전광역시,대전BIS
DJB8007329,목달동/송곡가든,36.26898,127.404816,2025-10-31,23660,25,대전광역시,대전BIS
DJB8007330,성북1통,36.31466,127.28468,2025-10-31,46410,25,대전광역시,대전BIS
DJB8007331,파라디아아파트,36.28492,127.23311,2025-10-31,77560,25,대전광역시,대전BIS
DJB8007332,파라디아아파트,36.284676,127.23322,2025-10-31,77570,25,대전광역시,대전BIS
DJB8007333,동구아름다운복지관,36.26829,127.47178,2025-10-31,14640,25,대전광역시,대전BIS
DJB8007334,동구아름다운복지관,36.26814,127.471855,2025-10-31,14650,25,대전광역시,대전BIS
DJB8007335,태조대왕태실,36.19569,127.45693,2025-10-31,74790,25,대전광역시,대전BIS
DJB8007336,태조대왕태실,36.196735,127.45532,2025-10-31,74800,25,대전광역시,대전BIS
DJB8007337,꽃묘생산단지,36.47412,127.383446,2025-10-31,46420,25,대전광역시,대전BIS
DJB8007338,꽃묘생산단지,36.47402,127.38343,2025-10-31,46430,25,대전광역시,대전BIS
DJB8007339,영무예다음아파트,36.374214,127.30568,2025-10-31,46440,25,대전광역시,대전BIS
DJB8007340,영무예다음아파트,36.3744,127.30516,2025-10-31,46450,25,대전광역시,대전BIS
DJB8007341,세종고속시외버스터미널,36.46861,127.27513,2025-10-31,57015,25,대전광역시,대전BIS
DJB8007342,세종고속시외버스터미널,36.46875,127.27479,2025-10-31,57016,25,대전광역시,대전BIS
DJB8007343,보람동(해들마을),36.47474,127.2805,2025-10-31,51108,25,대전광역시,대전BIS
DJB8007344,보람동(호려울마을),36.475765,127.281784,2025-10-31,51109,25,대전광역시,대전BIS
DJB8007345,세종시청.교육청.시의회,36.47813,127.28786,2025-10-31,51096,25,대전광역시,대전BIS
DJB8007346,세종시청.교육청.시의회,36.478855,127.28898,2025-10-31,51097,25,대전광역시,대전BIS
DJB8007347,"세종우체국(남부서,보람초)",36.4802,127.292755,2025-10-31,51100,25,대전광역시,대전BIS
DJB8007348,"세종우체국(남부서,보람초)",36.480537,127.29297,2025-10-31,51101,25,대전광역시,대전BIS
DJB8007349,소담동(새샘마을),36.482403,127.29748,2025-10-31,51116,25,대전광역시,대전BIS
DJB8007350,소담동(새샘마을),36.482643,127.29739,2025-10-31,51118,25,대전광역시,대전BIS
DJB8007352,"법원,검찰청,경찰청",36.487083,127.3015,2025-10-31,57012,25,대전광역시,대전BIS
DJB8007353,국책연구단지남측,36.49104,127.30402,2025-10-31,76040,25,대전광역시,대전BIS
DJB8007356,노은휴먼시아4단지,36.37788,127.30423,2025-10-31,46460,25,대전광역시,대전BIS
DJB8007357,충남대학교,36.362354,127.34312,2025-10-31,46470,25,대전광역시,대전BIS
DJB8007358,온누리노인요양원,36.28661,127.45135,2025-10-31,14660,25,대전광역시,대전BIS
DJB8007359,온누리노인요양원,36.28656,127.4514,2025-10-31,14670,25,대전광역시,대전BIS
DJB8007360,용수골,36.333828,127.455536,2025-10-31,14680,25,대전광역시,대전BIS
DJB8007361,파라곤아파트,36.32012,127.386345,2025-10-31,23670,25,대전광역시,대전BIS
DJB8007362,월드컵경기장역,36.366688,127.31621,2025-10-31,46480,25,대전광역시,대전BIS
DJB8007363,구봉고등학교,36.294853,127.33025,2025-10-31,35310,25,대전광역시,대전BIS
DJB8007364,구봉고등학교,36.29447,127.3305,2025-10-31,35320,25,대전광역시,대전BIS
DJB8007365,도솔초등학교,36.311695,127.34725,2025-10-31,35330,25,대전광역시,대전BIS
DJB8007366,도솔초등학교,36.312546,127.34948,2025-10-31,35340,25,대전광역시,대전BIS
DJB8007367,옥녀봉네거리,36.33199,127.34881,2025-10-31,35350,25,대전광역시,대전BIS
DJB8007368,옥녀봉네거리,36.332363,127.35096,2025-10-31,35360,25,대전광역시,대전BIS
DJB8007369,동산지하차도,36.34561,127.422134,2025-10-31,14720,25,대전광역시,대전BIS
DJB8007370,동산지하차도,36.345478,127.42164,2025-10-31,14710,25,대전광역시,대전BIS
DJB8007371,홍도치안센터,36.34646,127.42565,2025-10-31,14700,25,대전광역시,대전BIS
DJB8007372,홍도치안센터,36.34656,127.42596,2025-10-31,14690,25,대전광역시,대전BIS
DJB8007373,신성2차아파트,36.26722,127.25843,2025-10-31,77590,25,대전광역시,대전BIS
DJB8007374,신성2차아파트,36.26701,127.25848,2025-10-31,77580,25,대전광역시,대전BIS
DJB8007375,금암동주민센터,36.272633,127.24598,2025-10-31,,25,대전광역시,대전BIS
DJB8007376,우림아파트,36.270382,127.2478,2025-10-31,,25,대전광역시,대전BIS
DJB8007377,유동2리,36.275,127.22941,2025-10-31,,25,대전광역시,대전BIS
DJB8007378,원통골,36.27445,127.23057,2025-10-31,,25,대전광역시,대전BIS
DJB8007379,기성동기점지,36.25454,127.34313,2025-10-31,35370,25,대전광역시,대전BIS
DJB8007380,벌말,36.28175,127.35459,2025-10-31,35380,25,대전광역시,대전BIS
DJB8007381,벌말,36.28185,127.35423,2025-10-31,35390,25,대전광역시,대전BIS
DJB8007382,뒷골,36.25501,127.304,2025-10-31,35400,25,대전광역시,대전BIS
DJB8007383,뒷골,36.255062,127.30389,2025-10-31,35410,25,대전광역시,대전BIS
DJB8007384,원정1통마을회관,36.2579,127.3018,2025-10-31,35420,25,대전광역시,대전BIS
DJB8007385,원정동,36.25703,127.306496,2025-10-31,35430,25,대전광역시,대전BIS
DJB8007386,구만리,36.262432,127.30081,2025-10-31,35440,25,대전광역시,대전BIS
DJB8007387,구만리,36.26258,127.30047,2025-10-31,35450,25,대전광역시,대전BIS
DJB8007388,중리마을,36.26289,127.29583,2025-10-31,35460,25,대전광역시,대전BIS
DJB8007389,중리마을,36.26278,127.29588,2025-10-31,35470,25,대전광역시,대전BIS
DJB8007390,무도리종점,36.25806,127.28742,2025-10-31,35480,25,대전광역시,대전BIS
DJB8001621,모세골,36.28804,127.36048,2025-10-31,34560,25,대전광역시,대전BIS
DJB8001622,목달동,36.271717,127.40086,2025-10-31,22860,25,대전광역시,대전BIS
DJB8001623,목달동,36.27171,127.40101,2025-10-31,22870,25,대전광역시,대전BIS
DJB8001624,목동네거리,36.33376,127.412186,2025-10-31,20410,25,대전광역시,대전BIS
DJB8001625,목동네거리,36.334953,127.4127,2025-10-31,20420,25,대전광역시,대전BIS
DJB8001626,목동네거리,36.335426,127.412254,2025-10-31,20500,25,대전광역시,대전BIS
DJB8001627,목동동대전농협,36.33465,127.40737,2025-10-31,20340,25,대전광역시,대전BIS
DJB8001628,목련아파트,36.349995,127.390335,2025-10-31,32470,25,대전광역시,대전BIS
DJB8001629,목련아파트,36.351124,127.39166,2025-10-31,32530,25,대전광역시,대전BIS
DJB8001630,태평중학교,36.32979,127.3965,2025-10-31,21560,25,대전광역시,대전BIS
DJB8001631,목상동주민센터,36.44869,127.41096,2025-10-31,51740,25,대전광역시,대전BIS
DJB8001632,목상동주민센터,36.44893,127.41211,2025-10-31,51750,25,대전광역시,대전BIS
DJB8001633,석봉네거리,36.44826,127.41989,2025-10-31,52040,25,대전광역시,대전BIS
DJB8001634,석봉네거리,36.448463,127.41994,2025-10-31,51670,25,대전광역시,대전BIS
DJB8001635,목양마을아파트,36.334106,127.407425,2025-10-31,20330,25,대전광역시,대전BIS
DJB8001636,목양마을아파트후문,36.33567,127.403465,2025-10-31,20320,25,대전광역시,대전BIS
DJB8001641,목원대학교,36.329926,127.33825,2025-10-31,33230,25,대전광역시,대전BIS
DJB8001643,옥녀봉네거리,36.330814,127.348114,2025-10-31,34900,25,대전광역시,대전BIS
DJB8001644,옥녀봉네거리,36.33171,127.347984,2025-10-31,46540,25,대전광역시,대전BIS
DJB8001645,목운주택입구,36.32876,127.370575,2025-10-31,30190,25,대전광역시,대전BIS
DJB8001646,목운주택입구,36.32881,127.37041,2025-10-31,30180,25,대전광역시,대전BIS
DJB8001647,으능정이거리,36.32934,127.42811,2025-10-31,20070,25,대전광역시,대전BIS
DJB8001648,목화아파트,36.307755,127.373795,2025-10-31,30060,25,대전광역시,대전BIS
DJB8001649,무궁화아파트,36.363155,127.379234,2025-10-31,32140,25,대전광역시,대전BIS
DJB8001650,한빛탑,36.374237,127.38782,2025-10-31,43260,25,대전광역시,대전BIS
DJB8001651,무지개아파트,36.359123,127.37447,2025-10-31,32900,25,대전광역시,대전BIS
DJB8001652,무지개아파트,36.359646,127.376045,2025-10-31,32930,25,대전광역시,대전BIS
DJB8001653,문성초등학교입구,36.3103,127.390205,2025-10-31,22380,25,대전광역시,대전BIS
DJB8001654,문성초등학교입구,36.310802,127.39131,2025-10-31,22390,25,대전광역시,대전BIS
DJB8001655,문정초등학교,36.35043,127.39529,2025-10-31,31280,25,대전광역시,대전BIS
DJB8001656,문지네거리,36.38891,127.40483,2025-10-31,44050,25,대전광역시,대전BIS
DJB8001657,문지네거리,36.390182,127.40303,2025-10-31,44040,25,대전광역시,대전BIS
DJB8001658,문지네거리,36.390724,127.4051,2025-10-31,44070,25,대전광역시,대전BIS
DJB8001659,문창시장,36.314327,127.43836,2025-10-31,20860,25,대전광역시,대전BIS
DJB8001660,문창시장,36.31454,127.43825,2025-10-31,20850,25,대전광역시,대전BIS
DJB8001661,문화2동,36.307014,127.40628,2025-10-31,22030,25,대전광역시,대전BIS
DJB8001662,문화2동,36.3067,127.40576,2025-10-31,22010,25,대전광역시,대전BIS
DJB8001663,문화동.주공3단지후문,36.310715,127.401436,2025-10-31,21930,25,대전광역시,대전BIS
DJB8001664,문화동주공아파트,36.31006,127.39845,2025-10-31,21880,25,대전광역시,대전BIS
DJB8001665,문화동주공아파트,36.31043,127.39953,2025-10-31,21890,25,대전광역시,대전BIS
DJB8001666,문화육교,36.312916,127.4001,2025-10-31,21900,25,대전광역시,대전BIS
DJB8001667,문화주공삼거리,36.31089,127.40147,2025-10-31,21940,25,대전광역시,대전BIS
DJB8001668,문화초등학교,36.312126,127.39726,2025-10-31,21870,25,대전광역시,대전BIS
DJB8001669,문화초등학교,36.31273,127.398796,2025-10-31,21830,25,대전광역시,대전BIS
DJB8001670,미리내아파트,36.31688,127.45562,2025-10-31,10670,25,대전광역시,대전BIS
DJB8001671,숯골,36.4644,127.46706,2025-10-31,52740,25,대전광역시,대전BIS
DJB8001672,숯골,36.46492,127.46737,2025-10-31,52750,25,대전광역시,대전BIS
DJB8001673,바깥아감,36.35365,127.498795,2025-10-31,13110,25,대전광역시,대전BIS
DJB8001674,바깥아감,36.353897,127.49858,2025-10-31,13100,25,대전광역시,대전BIS
DJB8001675,반석2통,36.3903,127.30674,2025-10-31,43890,25,대전광역시,대전BIS
DJB8001676,반석2통,36.390854,127.30856,2025-10-31,43880,25,대전광역시,대전BIS
DJB8001677,반석역3번출구,36.392006,127.31382,2025-10-31,43950,25,대전광역시,대전BIS
DJB8001680,반석역,36.39146,127.315445,2025-10-31,43980,25,대전광역시,대전BIS
DJB8001681,반석역,36.391644,127.31474,2025-10-31,43970,25,대전광역시,대전BIS
DJB8001682,반지리,36.282787,127.36216,2025-10-31,34620,25,대전광역시,대전BIS
DJB8001683,반지리,36.282818,127.362404,2025-10-31,34630,25,대전광역시,대전BIS
DJB8001684,밤갈미,36.242565,127.34575,2025-10-31,34100,25,대전광역시,대전BIS
DJB8001685,밤갈미,36.24263,127.34593,2025-10-31,33810,25,대전광역시,대전BIS
DJB8001686,방동1통,36.27322,127.274216,2025-10-31,40950,25,대전광역시,대전BIS
DJB8001687,방동1통,36.27324,127.2741,2025-10-31,40940,25,대전광역시,대전BIS
DJB8001688,방동1통,36.27028,127.27361,2025-10-31,40920,25,대전광역시,대전BIS
DJB8001689,방동1통,36.270863,127.27326,2025-10-31,40930,25,대전광역시,대전BIS
DJB8001690,방동3통,36.271362,127.291214,2025-10-31,41060,25,대전광역시,대전BIS
DJB8001691,방동4통,36.279743,127.29987,2025-10-31,41080,25,대전광역시,대전BIS
DJB8001692,방동4통,36.28068,127.30134,2025-10-31,41090,25,대전광역시,대전BIS
DJB8001693,방동5통,36.28906,127.305176,2025-10-31,41110,25,대전광역시,대전BIS
DJB8001694,방동5통,36.28904,127.305046,2025-10-31,41100,25,대전광역시,대전BIS
DJB8002818,판암근린공원,36.318115,127.45234,2025-10-31,10660,25,대전광역시,대전BIS
DJB8002819,판암2동주민센터,36.3198,127.45705,2025-10-31,10700,25,대전광역시,대전BIS
DJB8002820,판암동성당,36.319996,127.461815,2025-10-31,10790,25,대전광역시,대전BIS
DJB8002821,판암동성당,36.31991,127.46227,2025-10-31,10810,25,대전광역시,대전BIS
DJB8002822,판암역네거리,36.317104,127.455795,2025-10-31,10680,25,대전광역시,대전BIS
DJB8002823,판암역,36.316902,127.459305,2025-10-31,10740,25,대전광역시,대전BIS
DJB8002824,판암역,36.31727,127.45966,2025-10-31,10760,25,대전광역시,대전BIS
DJB8002825,판암주공4단지,36.32119,127.45874,2025-10-31,10720,25,대전광역시,대전BIS
DJB8002826,판암주공5단지,36.32224,127.45975,2025-10-31,10750,25,대전광역시,대전BIS
DJB8002828,판암네거리,36.318077,127.461815,2025-10-31,10800,25,대전광역시,대전BIS
DJB8002829,판암네거리,36.31825,127.46168,2025-10-31,10780,25,대전광역시,대전BIS
DJB8002830,판암IC,36.318832,127.468475,2025-10-31,10830,25,대전광역시,대전BIS
DJB8002831,배재대학교,36.322803,127.37046,2025-10-31,30430,25,대전광역시,대전BIS
DJB8002832,은어송초등학교,36.301514,127.45674,2025-10-31,10410,25,대전광역시,대전BIS
DJB8002833,은어송초등학교,36.30094,127.45711,2025-10-31,10400,25,대전광역시,대전BIS
DJB8002834,평촌1통마을회관,36.239246,127.31823,2025-10-31,33940,25,대전광역시,대전BIS
DJB8002835,평촌1통마을회관,36.23916,127.31829,2025-10-31,33950,25,대전광역시,대전BIS
DJB8002837,평촌2통아래뜸,36.238014,127.3125,2025-10-31,33860,25,대전광역시,대전BIS
DJB8002838,평촌2통마을회관,36.239536,127.315384,2025-10-31,33880,25,대전광역시,대전BIS
DJB8002839,평촌동,36.435513,127.42549,2025-10-31,52320,25,대전광역시,대전BIS
DJB8002840,평촌동,36.435814,127.42541,2025-10-31,52310,25,대전광역시,대전BIS
DJB8002841,평촌동,36.431816,127.43381,2025-10-31,53060,25,대전광역시,대전BIS
DJB8002842,평촌동종점,36.2366,127.30757,2025-10-31,34240,25,대전광역시,대전BIS
DJB8002843,평화아파트,36.354103,127.450836,2025-10-31,11620,25,대전광역시,대전BIS
DJB8002844,푸른뫼아파트,36.328323,127.39927,2025-10-31,21630,25,대전광역시,대전BIS
DJB8002845,푸른뫼아파트,36.32847,127.39888,2025-10-31,21620,25,대전광역시,대전BIS
DJB8002846,푸른아파트,36.34273,127.37121,2025-10-31,31890,25,대전광역시,대전BIS
DJB8002847,금강엑슬루타워,36.449306,127.42087,2025-10-31,51660,25,대전광역시,대전BIS
DJB8002848,금강엑슬루타워,36.449566,127.42093,2025-10-31,51680,25,대전광역시,대전BIS
DJB8002849,하기중학교,36.385853,127.321304,2025-10-31,43600,25,대전광역시,대전BIS
DJB8002850,하나로아파트,36.35995,127.36659,2025-10-31,32790,25,대전광역시,대전BIS
DJB8002851,SK브로드밴드,36.351147,127.38076,2025-10-31,32220,25,대전광역시,대전BIS
DJB8002852,하소2통,36.21922,127.44099,2025-10-31,14040,25,대전광역시,대전BIS
DJB8002853,하소2통,36.2197,127.44092,2025-10-31,14030,25,대전광역시,대전BIS
DJB8002854,하소1통,36.223465,127.442986,2025-10-31,14060,25,대전광역시,대전BIS
DJB8002855,하소1통,36.223667,127.4429,2025-10-31,14050,25,대전광역시,대전BIS
DJB8002856,대전제2시립노인병원,36.21287,127.43957,2025-10-31,14020,25,대전광역시,대전BIS
DJB8002857,대전제2시립노인병원,36.212765,127.43957,2025-10-31,14260,25,대전광역시,대전BIS
DJB8002858,하소룡골,36.242985,127.46105,2025-10-31,13830,25,대전광역시,대전BIS
DJB8002859,하소룡골,36.24285,127.46102,2025-10-31,14330,25,대전광역시,대전BIS
DJB8002860,오정동,36.354225,127.41728,2025-10-31,50260,25,대전광역시,대전BIS
DJB8002863,학하동,36.33738,127.314766,2025-10-31,40480,25,대전광역시,대전BIS
DJB8002864,학하동,36.337673,127.31496,2025-10-31,40470,25,대전광역시,대전BIS
DJB8002867,학하초등학교,36.33476,127.312645,2025-10-31,40450,25,대전광역시,대전BIS
DJB8002868,학하초등학교,36.334797,127.31284,2025-10-31,40460,25,대전광역시,대전BIS
DJB8002869,한가람아파트,36.34653,127.39244,2025-10-31,31170,25,대전광역시,대전BIS
DJB8002870,한가람아파트,36.346794,127.39303,2025-10-31,31180,25,대전광역시,대전BIS
DJB8002871,한가람아파트,36.348835,127.392265,2025-10-31,32540,25,대전광역시,대전BIS
DJB8002872,카이스트,36.365097,127.36284,2025-10-31,42830,25,대전광역시,대전BIS
DJB8002873,카이스트,36.365772,127.364876,2025-10-31,42840,25,대전광역시,대전BIS
DJB8002874,한국기계연구원,36.394764,127.35649,2025-10-31,43370,25,대전광역시,대전BIS
DJB8002875,한국기계연구원,36.395924,127.35568,2025-10-31,43360,25,대전광역시,대전BIS
DJB8002876,한국무예연수원,36.21808,127.41758,2025-10-31,23050,25,대전광역시,대전BIS
DJB8002877,한국무예연수원,36.218197,127.417595,2025-10-31,23060,25,대전광역시,대전BIS
DJB8002878,한국산업인력공단,36.31085,127.40816,2025-10-31,22100,25,대전광역시,대전BIS
DJB8002879,한국생명공학연구원,36.377434,127.35991,2025-10-31,42810,25,대전광역시,대전BIS
DJB8002880,한국전력공사,36.357193,127.43447,2025-10-31,11810,25,대전광역시,대전BIS
DJB8002881,한국전력공사,36.357525,127.4347,2025-10-31,11820,25,대전광역시,대전BIS
DJB8002882,한국전자통신연구원,36.383816,127.36686,2025-10-31,43080,25,대전광역시,대전BIS
DJB8002883,과학기술연합대학원(UST),36.38417,127.36712,2025-10-31,43090,25,대전광역시,대전BIS
DJB8002884,KAIST문지캠퍼스,36.390175,127.40006,2025-10-31,44030,25,대전광역시,대전BIS
DJB8002885,LG화학기술연구원,36.390236,127.39686,2025-10-31,44020,25,대전광역시,대전BIS
DJB8002886,한국항공우주연구원,36.378883,127.35778,2025-10-31,42800,25,대전광역시,대전BIS
DJB8002887,대고오거리,36.323544,127.4229,2025-10-31,20650,25,대전광역시,대전BIS
DJB8002888,대고오거리,36.324142,127.42239,2025-10-31,20640,25,대전광역시,대전BIS
DJB8002889,한국타이어,36.448162,127.4104,2025-10-31,51730,25,대전광역시,대전BIS
DJB8007391,정방마을입구,36.2482,127.319984,2025-10-31,35490,25,대전광역시,대전BIS
DJB8007392,상보안,36.276165,127.3486,2025-10-31,35500,25,대전광역시,대전BIS
DJB8007393,상보안,36.27626,127.3499,2025-10-31,35510,25,대전광역시,대전BIS
DJB8007394,해링턴아파트,36.392475,127.40487,2025-10-31,46500,25,대전광역시,대전BIS
DJB8007395,월드컵경기장역,36.36713,127.31612,2025-10-31,46490,25,대전광역시,대전BIS
DJB8007396,관저동예미지아파트,36.29205,127.33374,2025-10-31,35520,25,대전광역시,대전BIS
DJB8007397,관저동예미지아파트,36.2924,127.33312,2025-10-31,35530,25,대전광역시,대전BIS
DJB8007398,대평동(해들마을),36.472374,127.27645,2025-10-31,51123,25,대전광역시,대전BIS
DJB8007399,대평동(해들마을),36.471962,127.27627,2025-10-31,51124,25,대전광역시,대전BIS
DJB8007400,대평동,36.47217,127.27615,2025-10-31,76070,25,대전광역시,대전BIS
DJB8007401,대평동,36.472237,127.27666,2025-10-31,76080,25,대전광역시,대전BIS
DJB8007402,"법원,검찰청,경찰청",36.48694,127.30177,2025-10-31,57019,25,대전광역시,대전BIS
DJB8007403,대청댐(헬기장),36.471397,127.47441,2025-10-31,,25,대전광역시,대전BIS
DJB8007404,계족산(황토길),36.409843,127.438995,2025-10-31,,25,대전광역시,대전BIS
DJB8007405,관저더샵1단지,36.29383,127.32778,2025-10-31,35570,25,대전광역시,대전BIS
DJB8007406,관저더샵2단지,36.293602,127.32749,2025-10-31,35560,25,대전광역시,대전BIS
DJB8007407,육군정보통신학교,36.40154,127.3401,2025-10-31,46560,25,대전광역시,대전BIS
DJB8007408,육군정보통신학교,36.4017,127.33986,2025-10-31,82610,25,대전광역시,대전BIS
DJB8007409,국군대전병원,36.40054,127.34611,2025-10-31,82600,25,대전광역시,대전BIS
DJB8007410,별밭공원,36.34088,127.305374,2025-10-31,82590,25,대전광역시,대전BIS
DJB8007411,엄사리,36.28801,127.24536,2025-10-31,77660,25,대전광역시,대전BIS
DJB8007412,대전역,36.332798,127.43197,2025-10-31,14730,25,대전광역시,대전BIS
DJB8007413,길치근린공원네거리,36.355076,127.45628,2025-10-31,53510,25,대전광역시,대전BIS
DJB8007414,길치근린공원네거리,36.35535,127.45651,2025-10-31,53520,25,대전광역시,대전BIS
DJB8007415,판암역종점,36.316776,127.458565,2025-10-31,14740,25,대전광역시,대전BIS
DJB8007416,평화아파트,36.35431,127.451675,2025-10-31,53530,25,대전광역시,대전BIS
DJB8007417,삼호아파트,36.354954,127.44699,2025-10-31,53540,25,대전광역시,대전BIS
DJB8007418,둔원고등학교,36.34179,127.37394,2025-10-31,35580,25,대전광역시,대전BIS
DJB8007419,자운근린공원,36.39553,127.35244,2025-10-31,46570,25,대전광역시,대전BIS
DJB8007420,자운근린공원,36.39516,127.35241,2025-10-31,46580,25,대전광역시,대전BIS
DJB8007422,대덕가정리,36.18565,127.29066,2025-10-31,72420,25,대전광역시,대전BIS
DJB8007423,대덕가정리,36.185688,127.29077,2025-10-31,72430,25,대전광역시,대전BIS
DJB8007424,검천리,36.176003,127.29479,2025-10-31,72440,25,대전광역시,대전BIS
DJB8007425,검천리,36.17606,127.29485,2025-10-31,72450,25,대전광역시,대전BIS
DJB8007426,덕곡리,36.17086,127.297935,2025-10-31,72460,25,대전광역시,대전BIS
DJB8007427,덕곡리,36.170826,127.29801,2025-10-31,72470,25,대전광역시,대전BIS
DJB8007428,덕곡삼거리,36.166695,127.29922,2025-10-31,72480,25,대전광역시,대전BIS
DJB8007429,덕곡삼거리,36.166775,127.2993,2025-10-31,72490,25,대전광역시,대전BIS
DJB8007430,도산리,36.163956,127.31181,2025-10-31,72500,25,대전광역시,대전BIS
DJB8007431,도산리,36.164043,127.31178,2025-10-31,72510,25,대전광역시,대전BIS
DJB8007432,도산2리,36.16119,127.31362,2025-10-31,72520,25,대전광역시,대전BIS
DJB8007433,도산2리,36.16123,127.31379,2025-10-31,72530,25,대전광역시,대전BIS
DJB8007434,수락1리,36.154194,127.30752,2025-10-31,72540,25,대전광역시,대전BIS
DJB8007435,수락1리,36.15419,127.30772,2025-10-31,72550,25,대전광역시,대전BIS
DJB8007436,수락저수지,36.1493,127.305336,2025-10-31,72560,25,대전광역시,대전BIS
DJB8007437,수락저수지,36.149292,127.30542,2025-10-31,72570,25,대전광역시,대전BIS
DJB8007438,대둔산수락계곡,36.145374,127.30578,2025-10-31,72580,25,대전광역시,대전BIS
DJB8007439,옛터민속박물관,36.21437,127.44132,2025-10-31,14750,25,대전광역시,대전BIS
DJB8007440,옛터민속박물관,36.21416,127.441246,2025-10-31,14760,25,대전광역시,대전BIS
DJB8007443,국방과학연구소,36.407494,127.30654,2025-10-31,46590,25,대전광역시,대전BIS
DJB8007444,정림공원,36.30184,127.36626,2025-10-31,35610,25,대전광역시,대전BIS
DJB8007445,백목련아파트,36.29948,127.365395,2025-10-31,35620,25,대전광역시,대전BIS
DJB8007446,코스모스아파트,36.298557,127.36483,2025-10-31,35630,25,대전광역시,대전BIS
DJB8007447,정림동종점,36.291286,127.36107,2025-10-31,35640,25,대전광역시,대전BIS
DJB8007448,정림동종점,36.291374,127.36121,2025-10-31,35650,25,대전광역시,대전BIS
DJB8007449,금동이고개,36.246017,127.41792,2025-10-31,23690,25,대전광역시,대전BIS
DJB8007450,금동이고개,36.245914,127.417984,2025-10-31,23700,25,대전광역시,대전BIS
DJB8007451,누리동,36.5341,127.29215,2025-10-31,31057,25,대전광역시,대전BIS
DJB8007452,누리동,36.53398,127.29214,2025-10-31,31073,25,대전광역시,대전BIS
DJB8007453,국방신뢰성연구센터,36.430252,127.41218,2025-10-31,53550,25,대전광역시,대전BIS
DJB8007454,가화리,36.304497,127.563866,2025-10-31,62430,25,대전광역시,대전BIS
DJB8007455,금암삼거리,36.276417,127.253975,2025-10-31,77680,25,대전광역시,대전BIS
DJB8007456,금암삼거리,36.276974,127.25391,2025-10-31,77670,25,대전광역시,대전BIS
DJB8007458,반곡동(수루배마을),36.49785,127.312256,2025-10-31,76150,25,대전광역시,대전BIS
DJB8007459,국책연구단지동측,36.495014,127.3062,2025-10-31,51140,25,대전광역시,대전BIS
DJB8007460,국책연구단지남측,36.492313,127.30431,2025-10-31,76120,25,대전광역시,대전BIS
DJB8007461,국책연구단지동측,36.495007,127.306656,2025-10-31,51139,25,대전광역시,대전BIS
DJB8007462,반곡동(수루배마을),36.497337,127.310776,2025-10-31,76160,25,대전광역시,대전BIS
DJB8007464,새터,36.245937,127.25915,2025-10-31,,25,대전광역시,대전BIS
DJB8007465,새터,36.24562,127.25928,2025-10-31,,25,대전광역시,대전BIS
DJB8007466,입암리수변공원종점,36.243023,127.257225,2025-10-31,,25,대전광역시,대전BIS
DJB8007467,원통골,36.274517,127.23058,2025-10-31,,25,대전광역시,대전BIS
DJB8007468,유동2리,36.275078,127.229576,2025-10-31,,25,대전광역시,대전BIS
DJB8007469,입암리마을회관,36.247383,127.259346,2025-10-31,77050,25,대전광역시,대전BIS
DJB8007470,계룡대실초등학교,36.260174,127.256165,2025-10-31,73390,25,대전광역시,대전BIS
DJB8007471,계룡대실초등학교,36.26027,127.256424,2025-10-31,73400,25,대전광역시,대전BIS
DJB8007472,진들,36.26429,127.25548,2025-10-31,73110,25,대전광역시,대전BIS
DJB8007473,진들,36.264187,127.255714,2025-10-31,73120,25,대전광역시,대전BIS
DJB8007474,종합사회복지관,36.273735,127.232925,2025-10-31,,25,대전광역시,대전BIS
DJB8007475,향한리용기말,36.277687,127.22379,2025-10-31,77170,25,대전광역시,대전BIS
DJB8007476,반곡고등학교,36.497414,127.31642,2025-10-31,64035,25,대전광역시,대전BIS
DJB8001695,방동길,36.27205,127.26943,2025-10-31,40910,25,대전광역시,대전BIS
DJB8001696,방동길,36.273525,127.26867,2025-10-31,40900,25,대전광역시,대전BIS
DJB8001697,방동대교,36.2835,127.30988,2025-10-31,41170,25,대전광역시,대전BIS
DJB8001698,방동새운네,36.28786,127.306755,2025-10-31,41130,25,대전광역시,대전BIS
DJB8001699,방동새운네,36.287792,127.30664,2025-10-31,41120,25,대전광역시,대전BIS
DJB8001700,방동저수지,36.284565,127.3103,2025-10-31,41160,25,대전광역시,대전BIS
DJB8001701,방동저수지,36.284855,127.30879,2025-10-31,41150,25,대전광역시,대전BIS
DJB8001702,방동저수지,36.285984,127.30783,2025-10-31,41140,25,대전광역시,대전BIS
DJB8001703,유성구보훈회관,36.351322,127.332664,2025-10-31,41590,25,대전광역시,대전BIS
DJB8001704,유성구보훈회관,36.351788,127.33177,2025-10-31,41580,25,대전광역시,대전BIS
DJB8001705,방현동,36.40505,127.36704,2025-10-31,43470,25,대전광역시,대전BIS
DJB8001706,방현동,36.405373,127.36723,2025-10-31,43480,25,대전광역시,대전BIS
DJB8001707,배재대학교,36.32197,127.37009,2025-10-31,30410,25,대전광역시,대전BIS
DJB8001708,제일고등학교,36.315075,127.373375,2025-10-31,30510,25,대전광역시,대전BIS
DJB8001709,배재시장,36.31704,127.373566,2025-10-31,30530,25,대전광역시,대전BIS
DJB8001710,동산아파트입구,36.34954,127.36939,2025-10-31,31850,25,대전광역시,대전BIS
DJB8001712,백운초등학교,36.33977,127.38675,2025-10-31,31430,25,대전광역시,대전BIS
DJB8001713,백합네거리,36.362103,127.37713,2025-10-31,32950,25,대전광역시,대전BIS
DJB8001714,버드내아파트,36.31583,127.38794,2025-10-31,21680,25,대전광역시,대전BIS
DJB8001715,버드내아파트,36.316006,127.38748,2025-10-31,21420,25,대전광역시,대전BIS
DJB8001716,버드내아파트,36.31863,127.392265,2025-10-31,21710,25,대전광역시,대전BIS
DJB8001717,버드내아파트,36.319447,127.392235,2025-10-31,21450,25,대전광역시,대전BIS
DJB8001718,버드내2단지,36.32182,127.39009,2025-10-31,21440,25,대전광역시,대전BIS
DJB8001719,벌말,36.280823,127.35441,2025-10-31,34550,25,대전광역시,대전BIS
DJB8001720,벌말,36.280983,127.35445,2025-10-31,34520,25,대전광역시,대전BIS
DJB8001721,법동전통시장,36.366577,127.429886,2025-10-31,51410,25,대전광역시,대전BIS
DJB8001722,법동주공3단지,36.371696,127.42664,2025-10-31,51090,25,대전광역시,대전BIS
DJB8001723,법원.검찰청,36.354385,127.390335,2025-10-31,32480,25,대전광역시,대전BIS
DJB8001724,법원.검찰청,36.35506,127.39004,2025-10-31,32440,25,대전광역시,대전BIS
DJB8001725,법원.검찰청,36.355923,127.38721,2025-10-31,32400,25,대전광역시,대전BIS
DJB8001726,법원.검찰청,36.355705,127.38866,2025-10-31,32420,25,대전광역시,대전BIS
DJB8001727,삼양사중앙연구소,36.395798,127.37362,2025-10-31,43510,25,대전광역시,대전BIS
DJB8001728,벤처타운장영실관,36.43762,127.41312,2025-10-31,52020,25,대전광역시,대전BIS
DJB8001729,벤처타운장영실관,36.43713,127.413376,2025-10-31,52030,25,대전광역시,대전BIS
DJB8001730,변동네거리,36.325027,127.37868,2025-10-31,30270,25,대전광역시,대전BIS
DJB8001731,변동네거리,36.326347,127.37991,2025-10-31,30290,25,대전광역시,대전BIS
DJB8001733,변동시장,36.324955,127.381134,2025-10-31,30330,25,대전광역시,대전BIS
DJB8001734,변동시장,36.32485,127.380684,2025-10-31,30310,25,대전광역시,대전BIS
DJB8001735,변동오거리,36.32819,127.380714,2025-10-31,30320,25,대전광역시,대전BIS
DJB8001736,변동오거리,36.329113,127.38208,2025-10-31,31460,25,대전광역시,대전BIS
DJB8001737,변동중학교,36.322777,127.37386,2025-10-31,30580,25,대전광역시,대전BIS
DJB8001738,변동초등학교,36.32385,127.38377,2025-10-31,30340,25,대전광역시,대전BIS
DJB8001739,변동초등학교,36.32404,127.38392,2025-10-31,30350,25,대전광역시,대전BIS
DJB8001740,남대전변전소,36.30386,127.45436,2025-10-31,10340,25,대전광역시,대전BIS
DJB8001741,현암초등학교,36.34197,127.41941,2025-10-31,12180,25,대전광역시,대전BIS
DJB8001742,보건환경연구원,36.372185,127.37444,2025-10-31,42910,25,대전광역시,대전BIS
DJB8001743,보라삼거리,36.350384,127.401505,2025-10-31,31330,25,대전광역시,대전BIS
DJB8001744,법동전통시장,36.36674,127.43035,2025-10-31,51180,25,대전광역시,대전BIS
DJB8001745,보람아파트,36.37049,127.43131,2025-10-31,51200,25,대전광역시,대전BIS
DJB8001746,보문오거리,36.317078,127.425064,2025-10-31,21030,25,대전광역시,대전BIS
DJB8001747,보문오거리,36.318096,127.42571,2025-10-31,20740,25,대전광역시,대전BIS
DJB8001748,보문오거리,36.318443,127.42512,2025-10-31,20730,25,대전광역시,대전BIS
DJB8001749,한밭중네거리,36.33666,127.42679,2025-10-31,12300,25,대전광역시,대전BIS
DJB8001750,보성초등학교,36.30538,127.39416,2025-10-31,22440,25,대전광역시,대전BIS
DJB8001751,보조댐,36.448708,127.452324,2025-10-31,52530,25,대전광역시,대전BIS
DJB8001752,보조댐,36.448803,127.45228,2025-10-31,52520,25,대전광역시,대전BIS
DJB8001753,보훈병원종점,36.44816,127.438965,2025-10-31,52970,25,대전광역시,대전BIS
DJB8001754,신계초등학교,36.302746,127.37871,2025-10-31,30110,25,대전광역시,대전BIS
DJB8001755,복수자이아파트,36.30566,127.37295,2025-10-31,30040,25,대전광역시,대전BIS
DJB8001756,복용2통,36.340748,127.31869,2025-10-31,41970,25,대전광역시,대전BIS
DJB8001757,복용2통,36.34099,127.318634,2025-10-31,41980,25,대전광역시,대전BIS
DJB8001758,복용동,36.339214,127.31691,2025-10-31,41950,25,대전광역시,대전BIS
DJB8001759,복용동,36.339138,127.31709,2025-10-31,41960,25,대전광역시,대전BIS
DJB8001760,에코포레아파트,36.328133,127.46638,2025-10-31,11140,25,대전광역시,대전BIS
DJB8001761,복음아파트,36.3285,127.46664,2025-10-31,11160,25,대전광역시,대전BIS
DJB8001762,복음양지아파트,36.31646,127.37135,2025-10-31,30480,25,대전광역시,대전BIS
DJB8002890,중소벤처기업청,36.392006,127.3592,2025-10-31,43380,25,대전광역시,대전BIS
DJB8002891,한국타이어후문,36.449112,127.417076,2025-10-31,51760,25,대전광역시,대전BIS
DJB8002892,한국타이어후문,36.449642,127.416084,2025-10-31,51770,25,대전광역시,대전BIS
DJB8002893,한국폴리텍대학,36.350567,127.452126,2025-10-31,11640,25,대전광역시,대전BIS
DJB8002894,한국폴리텍대학,36.350624,127.45245,2025-10-31,11650,25,대전광역시,대전BIS
DJB8002895,한국표준과학연구원,36.385334,127.373116,2025-10-31,43100,25,대전광역시,대전BIS
DJB8002896,한국표준과학연구원,36.38567,127.373116,2025-10-31,43120,25,대전광역시,대전BIS
DJB8002897,한국항공우주연구원,36.37865,127.357735,2025-10-31,42790,25,대전광역시,대전BIS
DJB8002898,동대전시립도서관,36.348614,127.443924,2025-10-31,11530,25,대전광역시,대전BIS
DJB8002899,동대전시립도서관,36.348995,127.443214,2025-10-31,11520,25,대전광역시,대전BIS
DJB8002900,한국화학연구원,36.385452,127.35847,2025-10-31,43060,25,대전광역시,대전BIS
DJB8002901,한국에너지기술연구원,36.385094,127.35838,2025-10-31,43070,25,대전광역시,대전BIS
DJB8002902,한남대학교,36.350864,127.419334,2025-10-31,50330,25,대전광역시,대전BIS
DJB8002903,한남대학교,36.35071,127.41927,2025-10-31,50320,25,대전광역시,대전BIS
DJB8002904,한남대학교,36.351395,127.42234,2025-10-31,50340,25,대전광역시,대전BIS
DJB8002905,한남대학교,36.351494,127.42255,2025-10-31,50350,25,대전광역시,대전BIS
DJB8002906,한남병원,36.35877,127.42624,2025-10-31,51370,25,대전광역시,대전BIS
DJB8002907,신일네거리,36.436214,127.40641,2025-10-31,51880,25,대전광역시,대전BIS
DJB8002908,한마루아파트,36.35568,127.39251,2025-10-31,32550,25,대전광역시,대전BIS
DJB8002909,한마을아파트,36.428967,127.38423,2025-10-31,44740,25,대전광역시,대전BIS
DJB8002910,한마을아파트,36.43031,127.383286,2025-10-31,44720,25,대전광역시,대전BIS
DJB8002911,한마을아파트후문,36.42913,127.38439,2025-10-31,44760,25,대전광역시,대전BIS
DJB8002912,한마음아파트,36.370705,127.43127,2025-10-31,51190,25,대전광역시,대전BIS
DJB8002913,한민시장,36.332573,127.38314,2025-10-31,31710,25,대전광역시,대전BIS
DJB8002914,한민시장,36.332237,127.38309,2025-10-31,31700,25,대전광역시,대전BIS
DJB8002915,한밭가든아파트,36.30437,127.3835,2025-10-31,22260,25,대전광역시,대전BIS
DJB8002916,한밭가든아파트,36.304638,127.384636,2025-10-31,22270,25,대전광역시,대전BIS
DJB8002917,한밭고.갈마중입구,36.34675,127.36926,2025-10-31,31840,25,대전광역시,대전BIS
DJB8002920,한밭대학교,36.350746,127.29754,2025-10-31,41690,25,대전광역시,대전BIS
DJB8002921,한밭대학교,36.35188,127.29814,2025-10-31,41680,25,대전광역시,대전BIS
DJB8002922,덕명네거리,36.35952,127.30905,2025-10-31,41410,25,대전광역시,대전BIS
DJB8002923,덕명네거리,36.36027,127.30627,2025-10-31,41400,25,대전광역시,대전BIS
DJB8002925,한밭도서관,36.30991,127.40835,2025-10-31,22110,25,대전광역시,대전BIS
DJB8002926,한밭도서관,36.30937,127.40727,2025-10-31,22060,25,대전광역시,대전BIS
DJB8002927,한밭도서관,36.3095,127.4071,2025-10-31,22050,25,대전광역시,대전BIS
DJB8002928,한밭도서관후문,36.310387,127.41142,2025-10-31,23140,25,대전광역시,대전BIS
DJB8002929,한밭아파트,36.445057,127.42436,2025-10-31,51690,25,대전광역시,대전BIS
DJB8002930,들말/신대차고지,36.41045,127.42516,2025-10-31,50840,25,대전광역시,대전BIS
DJB8002932,한화생명이글스파크,36.3183,127.42844,2025-10-31,21050,25,대전광역시,대전BIS
DJB8002934,한밭중네거리,36.336952,127.42679,2025-10-31,12290,25,대전광역시,대전BIS
DJB8002935,한밭초등학교,36.35467,127.39488,2025-10-31,32620,25,대전광역시,대전BIS
DJB8002936,한배미뜰,36.290466,127.24789,2025-10-31,40820,25,대전광역시,대전BIS
DJB8002937,한빛고교,36.28315,127.37609,2025-10-31,22660,25,대전광역시,대전BIS
DJB8002938,한빛고교,36.28324,127.37591,2025-10-31,22670,25,대전광역시,대전BIS
DJB8002939,한빛아파트,36.36223,127.35318,2025-10-31,42730,25,대전광역시,대전BIS
DJB8002940,한빛아파트,36.36263,127.35856,2025-10-31,42780,25,대전광역시,대전BIS
DJB8002941,한빛아파트,36.36286,127.353004,2025-10-31,42720,25,대전광역시,대전BIS
DJB8002942,한사랑아파트,36.33327,127.412125,2025-10-31,20400,25,대전광역시,대전BIS
DJB8002943,한솔아파트,36.432705,127.38438,2025-10-31,44750,25,대전광역시,대전BIS
DJB8002944,한솔제지,36.440357,127.40207,2025-10-31,51850,25,대전광역시,대전BIS
DJB8002945,한솔제지,36.43967,127.40244,2025-10-31,51840,25,대전광역시,대전BIS
DJB8002946,한숲아파트,36.35473,127.427666,2025-10-31,11720,25,대전광역시,대전BIS
DJB8002947,한숲아파트,36.354954,127.427475,2025-10-31,50370,25,대전광역시,대전BIS
DJB8002948,한승미메이드아파트,36.30684,127.319336,2025-10-31,40130,25,대전광역시,대전BIS
DJB8002949,한승미메이드아파트,36.306267,127.31981,2025-10-31,40150,25,대전광역시,대전BIS
DJB8002950,한신휴플러스,36.35495,127.44406,2025-10-31,51020,25,대전광역시,대전BIS
DJB8002951,한신휴플러스,36.355145,127.44463,2025-10-31,51500,25,대전광역시,대전BIS
DJB8002952,한아름아파트,36.362354,127.37578,2025-10-31,32920,25,대전광역시,대전BIS
DJB8002953,한우리아파트,36.346508,127.38798,2025-10-31,31140,25,대전광역시,대전BIS
DJB8002954,한우리아파트,36.346817,127.388466,2025-10-31,31150,25,대전광역시,대전BIS
DJB8002955,하나아파트,36.38478,127.349106,2025-10-31,43000,25,대전광역시,대전BIS
DJB8002956,한울아파트후문,36.385063,127.34603,2025-10-31,42960,25,대전광역시,대전BIS
DJB8002957,신탄진26통,36.443947,127.43371,2025-10-31,52890,25,대전광역시,대전BIS
DJB8002958,신탄진26통,36.44401,127.43361,2025-10-31,52880,25,대전광역시,대전BIS
DJB8002959,신탄진동행정복지센터,36.451668,127.430664,2025-10-31,52860,25,대전광역시,대전BIS
DJB8007477,반곡고등학교,36.497738,127.31629,2025-10-31,64034,25,대전광역시,대전BIS
DJB8007478,종합사회복지관,36.27389,127.23284,2025-10-31,,25,대전광역시,대전BIS
DJB8007479,계룡예술의전당,36.272945,127.235466,2025-10-31,,25,대전광역시,대전BIS
DJB8007480,유성생명과학고등학교,36.34873,127.32993,2025-10-31,46600,25,대전광역시,대전BIS
DJB8007481,유성생명과학고등학교,36.348354,127.32972,2025-10-31,46610,25,대전광역시,대전BIS
DJB8007482,유성고등학교,36.348736,127.33381,2025-10-31,46620,25,대전광역시,대전BIS
DJB8007483,대전예술고등학교,36.348347,127.33403,2025-10-31,46630,25,대전광역시,대전BIS
DJB8007484,진터네거리,36.34874,127.33815,2025-10-31,46640,25,대전광역시,대전BIS
DJB8007485,상대초등학교,36.348362,127.338066,2025-10-31,46650,25,대전광역시,대전BIS
DJB8007486,휴먼시아4단지,36.346928,127.34006,2025-10-31,46660,25,대전광역시,대전BIS
DJB8007487,국립대전숲체원,36.323128,127.29093,2025-10-31,46670,25,대전광역시,대전BIS
DJB8007488,대덕리,36.19819,127.29162,2025-10-31,72420,25,대전광역시,대전BIS
DJB8007489,대덕리,36.198208,127.2916,2025-10-31,72430,25,대전광역시,대전BIS
DJB8007490,현대아울렛북문,36.42474,127.39917,2025-10-31,46680,25,대전광역시,대전BIS
DJB8007492,세종충남대학교병원,36.520515,127.25949,2025-10-31,52064,25,대전광역시,대전BIS
DJB8007493,세종충남대학교병원,36.521618,127.259735,2025-10-31,52065,25,대전광역시,대전BIS
DJB8007494,서일여고,36.29464,127.32386,2025-10-31,35810,25,대전광역시,대전BIS
DJB8007495,관저체육공원,36.294247,127.33493,2025-10-31,35790,25,대전광역시,대전BIS
DJB8007496,선암초등학교,36.297096,127.334946,2025-10-31,35770,25,대전광역시,대전BIS
DJB8007497,봉우재네거리,36.303272,127.33509,2025-10-31,35750,25,대전광역시,대전BIS
DJB8007498,도안리슈빌,36.31417,127.3458,2025-10-31,35730,25,대전광역시,대전BIS
DJB8007499,도안중학교,36.317623,127.345184,2025-10-31,35710,25,대전광역시,대전BIS
DJB8007500,수목토아파트,36.319843,127.34408,2025-10-31,35690,25,대전광역시,대전BIS
DJB8007501,도안아이파크,36.32428,127.34533,2025-10-31,35670,25,대전광역시,대전BIS
DJB8007502,도안아이파크,36.324474,127.345345,2025-10-31,35660,25,대전광역시,대전BIS
DJB8007503,수목토아파트,36.32035,127.34388,2025-10-31,35680,25,대전광역시,대전BIS
DJB8007504,도안중학교,36.317722,127.344925,2025-10-31,35700,25,대전광역시,대전BIS
DJB8007505,도안리슈빌,36.314518,127.34566,2025-10-31,35720,25,대전광역시,대전BIS
DJB8007506,관저네거리,36.303272,127.33462,2025-10-31,35740,25,대전광역시,대전BIS
DJB8007507,선암초등학교,36.2974,127.33469,2025-10-31,35760,25,대전광역시,대전BIS
DJB8007508,관저체육공원,36.29393,127.33467,2025-10-31,35780,25,대전광역시,대전BIS
DJB8007509,서일여고,36.294624,127.3243,2025-10-31,35800,25,대전광역시,대전BIS
DJB8007510,농소리종점,36.24823,127.24325,2025-10-31,,25,대전광역시,대전BIS
DJB8007511,옷샘약수터,36.250465,127.2465,2025-10-31,,25,대전광역시,대전BIS
DJB8007512,산내주공아파트,36.283936,127.465675,2025-10-31,14770,25,대전광역시,대전BIS
DJB8007513,오투그란데아파트,36.287674,127.46359,2025-10-31,14780,25,대전광역시,대전BIS
DJB8007514,중촌주공2단지,36.344543,127.41145,2025-10-31,23710,25,대전광역시,대전BIS
DJB8007515,백암리,36.20714,127.40352,2025-10-31,74810,25,대전광역시,대전BIS
DJB8007516,백암리,36.2071,127.403496,2025-10-31,74820,25,대전광역시,대전BIS
DJB8007517,솔랑마을아파트,36.34341,127.42241,2025-10-31,14800,25,대전광역시,대전BIS
DJB8007518,솔랑마을아파트,36.343876,127.4214,2025-10-31,14790,25,대전광역시,대전BIS
DJB8007519,짐밭골,36.23258,127.28933,2025-10-31,35820,25,대전광역시,대전BIS
DJB8007520,한국과학기술원북문,36.3751,127.363884,2025-10-31,41620,25,대전광역시,대전BIS
DJB8007522,한국과학기술원교수회관,36.374104,127.36454,2025-10-31,41850,25,대전광역시,대전BIS
DJB8007523,한국과학기술원교수회관,36.37415,127.36459,2025-10-31,41860,25,대전광역시,대전BIS
DJB8007524,한국과학기술원대강당,36.37245,127.362526,2025-10-31,41930,25,대전광역시,대전BIS
DJB8007525,한국과학기술원대강당,36.37225,127.3625,2025-10-31,41940,25,대전광역시,대전BIS
DJB8007526,한국과학기술원본관,36.369938,127.36063,2025-10-31,45110,25,대전광역시,대전BIS
DJB8007527,한국과학기술원본관,36.37007,127.360664,2025-10-31,45120,25,대전광역시,대전BIS
DJB8007528,한국과학기술원오리연못,36.367233,127.36258,2025-10-31,45390,25,대전광역시,대전BIS
DJB8007529,한국과학기술원오리연못,36.367283,127.36269,2025-10-31,45750,25,대전광역시,대전BIS
DJB8007530,구억말,36.252876,127.24948,2025-10-31,,25,대전광역시,대전BIS
DJB8007531,계룡고등학교,36.26787,127.257256,2025-10-31,73030,25,대전광역시,대전BIS
DJB8007532,한라비발디아파트,36.26524,127.2589,2025-10-31,73040,25,대전광역시,대전BIS
DJB8007533,계룡리슈빌아파트,36.26061,127.25814,2025-10-31,73860,25,대전광역시,대전BIS
DJB8007534,계룡자이아파트,36.262203,127.25449,2025-10-31,73930,25,대전광역시,대전BIS
DJB8007535,계룡대실LH4단지아파트,36.262257,127.254234,2025-10-31,73940,25,대전광역시,대전BIS
DJB8007536,계룡푸르지오아파트,36.260582,127.258385,2025-10-31,73870,25,대전광역시,대전BIS
DJB8007537,한라비발디아파트,36.26533,127.25913,2025-10-31,73050,25,대전광역시,대전BIS
DJB8007538,계룡고등학교,36.268955,127.25682,2025-10-31,73020,25,대전광역시,대전BIS
DJB8007539,구억말,36.25287,127.24952,2025-10-31,,25,대전광역시,대전BIS
DJB8007540,구암역,36.356293,127.33237,2025-10-31,41870,25,대전광역시,대전BIS
DJB8007541,구암역,36.35619,127.33231,2025-10-31,41880,25,대전광역시,대전BIS
DJB8007542,송림마을5단지,36.39113,127.32917,2025-10-31,43660,25,대전광역시,대전BIS
DJB8007543,대전추모공원,36.283524,127.34182,2025-10-31,30820,25,대전광역시,대전BIS
DJB8007544,대전추모공원,36.283535,127.342,2025-10-31,30850,25,대전광역시,대전BIS
DJB8007545,로하스캠핑장,36.45522,127.475845,2025-10-31,53560,25,대전광역시,대전BIS
DJB8007546,로하스캠핑장,36.455177,127.47576,2025-10-31,53570,25,대전광역시,대전BIS
DJB8007547,삼정마을회관,36.449738,127.46647,2025-10-31,53580,25,대전광역시,대전BIS
DJB8007548,삼정마을회관,36.449753,127.46642,2025-10-31,53590,25,대전광역시,대전BIS
DJB8007549,신세계백화점,36.374447,127.382355,2025-10-31,42440,25,대전광역시,대전BIS
DJB8007550,세종고속시외버스터미널,36.469067,127.273575,2025-10-31,75350,25,대전광역시,대전BIS
DJB8007551,세종고속시외버스터미널,36.468845,127.27347,2025-10-31,75360,25,대전광역시,대전BIS
DJB8007552,용포리,36.46846,127.28131,2025-10-31,75630,25,대전광역시,대전BIS
DJB8007553,아이파크시티,36.335064,127.33359,2025-10-31,46720,25,대전광역시,대전BIS
DJB8007554,아이파크시티,36.33516,127.33318,2025-10-31,46710,25,대전광역시,대전BIS
DJB8007555,상대네거리,36.339108,127.336685,2025-10-31,46700,25,대전광역시,대전BIS
DJB8007556,상대네거리,36.3394,127.33639,2025-10-31,46690,25,대전광역시,대전BIS
DJB8007557,계룡대공군기상대,36.308918,127.24092,2025-10-31,,25,대전광역시,대전BIS
DJB8007558,계룡대공군기상대,36.30903,127.240524,2025-10-31,,25,대전광역시,대전BIS
DJB8001763,복음양지아파트,36.316467,127.37121,2025-10-31,30470,25,대전광역시,대전BIS
DJB8001764,복지관,36.40888,127.33706,2025-10-31,43720,25,대전광역시,대전BIS
DJB8001765,봉곡,36.27055,127.32827,2025-10-31,34440,25,대전광역시,대전BIS
DJB8001766,봉곡,36.270626,127.32837,2025-10-31,34450,25,대전광역시,대전BIS
DJB8001767,봉곡1통,36.273205,127.325714,2025-10-31,34420,25,대전광역시,대전BIS
DJB8001768,봉곡1통,36.273228,127.32586,2025-10-31,34430,25,대전광역시,대전BIS
DJB8001769,봉곡동종점,36.27545,127.320625,2025-10-31,34410,25,대전광역시,대전BIS
DJB8001770,성북1통마을회관,36.31183,127.289505,2025-10-31,40520,25,대전광역시,대전BIS
DJB8001771,성북1통마을회관,36.31185,127.289406,2025-10-31,40510,25,대전광역시,대전BIS
DJB8001772,유성온천역2번출구,36.351986,127.341034,2025-10-31,41280,25,대전광역시,대전BIS
DJB8001773,유성온천역3번출구,36.352688,127.34092,2025-10-31,41260,25,대전광역시,대전BIS
DJB8001774,봉명동,36.350143,127.33929,2025-10-31,41250,25,대전광역시,대전BIS
DJB8001775,봉명동,36.35035,127.33926,2025-10-31,41240,25,대전광역시,대전BIS
DJB8001777,온천1동주민센터,36.35292,127.338425,2025-10-31,41220,25,대전광역시,대전BIS
DJB8001778,협진운수,36.44489,127.38408,2025-10-31,44500,25,대전광역시,대전BIS
DJB8001780,협진운수,36.445457,127.38392,2025-10-31,44480,25,대전광역시,대전BIS
DJB8001782,송강마을아파트,36.4376,127.38602,2025-10-31,44800,25,대전광역시,대전BIS
DJB8001783,봉산동기점,36.448254,127.384605,2025-10-31,44490,25,대전광역시,대전BIS
DJB8001784,봉산중학교,36.3323,127.374756,2025-10-31,31640,25,대전광역시,대전BIS
DJB8001785,봉우중학교,36.29877,127.33169,2025-10-31,33420,25,대전광역시,대전BIS
DJB8001786,봉우중학교,36.299046,127.33205,2025-10-31,33430,25,대전광역시,대전BIS
DJB8001787,부국레미콘,36.366108,127.40721,2025-10-31,50440,25,대전광역시,대전BIS
DJB8001788,부국레미콘,36.366245,127.40711,2025-10-31,50430,25,대전광역시,대전BIS
DJB8001789,부사오거리,36.312645,127.43552,2025-10-31,21130,25,대전광역시,대전BIS
DJB8001790,부사오거리,36.31336,127.43381,2025-10-31,21110,25,대전광역시,대전BIS
DJB8001791,부사오거리,36.31339,127.43592,2025-10-31,20840,25,대전광역시,대전BIS
DJB8001792,부사오거리,36.31405,127.43449,2025-10-31,21120,25,대전광역시,대전BIS
DJB8001793,송강전통시장,36.43535,127.3863,2025-10-31,44810,25,대전광역시,대전BIS
DJB8001794,송강전통시장,36.43565,127.386406,2025-10-31,44780,25,대전광역시,대전BIS
DJB8001795,KT북대전지사,36.384598,127.36157,2025-10-31,43400,25,대전광역시,대전BIS
DJB8001796,북부교,36.33818,127.42418,2025-10-31,12260,25,대전광역시,대전BIS
DJB8001797,북부교,36.33825,127.42381,2025-10-31,12250,25,대전광역시,대전BIS
DJB8001798,비금마을,36.362183,127.50078,2025-10-31,13150,25,대전광역시,대전BIS
DJB8001799,비금마을,36.362263,127.50065,2025-10-31,13140,25,대전광역시,대전BIS
DJB8001800,비래검문소,36.35701,127.44514,2025-10-31,51510,25,대전광역시,대전BIS
DJB8001801,비래동,36.35965,127.44942,2025-10-31,51580,25,대전광역시,대전BIS
DJB8001802,비래동,36.35983,127.44932,2025-10-31,51570,25,대전광역시,대전BIS
DJB8001803,비래동종점,36.360744,127.45002,2025-10-31,51590,25,대전광역시,대전BIS
DJB8001804,비룡교차로,36.348442,127.47346,2025-10-31,12650,25,대전광역시,대전BIS
DJB8001805,비룡교차로,36.348557,127.473434,2025-10-31,12640,25,대전광역시,대전BIS
DJB8001806,비룡/새동네,36.343887,127.47788,2025-10-31,12720,25,대전광역시,대전BIS
DJB8001807,비룡/새동네,36.343853,127.47778,2025-10-31,12700,25,대전광역시,대전BIS
DJB8001808,비룡/줄골,36.338417,127.47788,2025-10-31,12730,25,대전광역시,대전BIS
DJB8001809,비룡/줄골,36.338375,127.47777,2025-10-31,12710,25,대전광역시,대전BIS
DJB8001810,비룡동입구,36.332767,127.47757,2025-10-31,12690,25,대전광역시,대전BIS
DJB8001811,효문화마을입구,36.28638,127.3783,2025-10-31,22720,25,대전광역시,대전BIS
DJB8001812,효문화마을입구,36.286552,127.37853,2025-10-31,22450,25,대전광역시,대전BIS
DJB8001813,사기점골,36.240124,127.32164,2025-10-31,33970,25,대전광역시,대전BIS
DJB8001814,사기점골,36.240273,127.32155,2025-10-31,33960,25,대전광역시,대전BIS
DJB8001815,사기정골,36.248024,127.410484,2025-10-31,22980,25,대전광역시,대전BIS
DJB8001816,사기정골,36.24791,127.41037,2025-10-31,22970,25,대전광역시,대전BIS
DJB8001819,사봉,36.283073,127.275894,2025-10-31,40970,25,대전광역시,대전BIS
DJB8001820,사봉,36.28306,127.27581,2025-10-31,40960,25,대전광역시,대전BIS
DJB8001821,사성동,36.386387,127.51916,2025-10-31,13260,25,대전광역시,대전BIS
DJB8001822,사성동,36.386623,127.51896,2025-10-31,13250,25,대전광역시,대전BIS
DJB8001827,사정동,36.297787,127.38488,2025-10-31,22560,25,대전광역시,대전BIS
DJB8001828,사정동,36.29794,127.38467,2025-10-31,22550,25,대전광역시,대전BIS
DJB8001829,사진개,36.261597,127.34595,2025-10-31,33830,25,대전광역시,대전BIS
DJB8001830,사진개,36.26178,127.34573,2025-10-31,33820,25,대전광역시,대전BIS
DJB8001831,사학연금회관,36.359146,127.39001,2025-10-31,32450,25,대전광역시,대전BIS
DJB8001832,산내주공아파트,36.283302,127.46642,2025-10-31,13400,25,대전광역시,대전BIS
DJB8001833,산내주공아파트,36.28429,127.466095,2025-10-31,13390,25,대전광역시,대전BIS
DJB8001834,산내초등학교,36.278748,127.46878,2025-10-31,13450,25,대전광역시,대전BIS
DJB8001835,산내초등학교,36.278145,127.46925,2025-10-31,13460,25,대전광역시,대전BIS
DJB8001836,산디마을삼거리,36.397766,127.43826,2025-10-31,52440,25,대전광역시,대전BIS
DJB8001837,산디마을삼거리,36.39783,127.43836,2025-10-31,52450,25,대전광역시,대전BIS
DJB8001838,상서삼거리,36.43006,127.42168,2025-10-31,52220,25,대전광역시,대전BIS
DJB8001839,상서삼거리,36.429234,127.421524,2025-10-31,52230,25,대전광역시,대전BIS
DJB8001840,새일초등학교,36.430523,127.41886,2025-10-31,52150,25,대전광역시,대전BIS
DJB8002960,한진오피스텔,36.356445,127.342064,2025-10-31,41340,25,대전광역시,대전BIS
DJB8002961,온천교,36.357758,127.3426,2025-10-31,41350,25,대전광역시,대전BIS
DJB8002962,한화솔루션중앙연구소,36.38503,127.35277,2025-10-31,43020,25,대전광역시,대전BIS
DJB8002963,한화솔루션중앙연구소,36.385365,127.35298,2025-10-31,43030,25,대전광역시,대전BIS
DJB8002964,햇님아파트,36.3559,127.39278,2025-10-31,32570,25,대전광역시,대전BIS
DJB8002965,향우네거리,36.32283,127.377975,2025-10-31,30250,25,대전광역시,대전BIS
DJB8002966,향우네거리,36.32258,127.37826,2025-10-31,30260,25,대전광역시,대전BIS
DJB8002967,향촌아파트,36.355083,127.374435,2025-10-31,32000,25,대전광역시,대전BIS
DJB8002968,향촌아파트,36.35571,127.37578,2025-10-31,32010,25,대전광역시,대전BIS
DJB8002969,시청역,36.351406,127.38816,2025-10-31,32390,25,대전광역시,대전BIS
DJB8002970,현암교,36.33962,127.42015,2025-10-31,12210,25,대전광역시,대전BIS
DJB8002971,현암교,36.340084,127.420074,2025-10-31,12190,25,대전광역시,대전BIS
DJB8002972,현암시장,36.34208,127.415535,2025-10-31,12160,25,대전광역시,대전BIS
DJB8002973,현충원역1번출구,36.35935,127.32171,2025-10-31,41460,25,대전광역시,대전BIS
DJB8002974,현충원역3번출구,36.359623,127.319695,2025-10-31,41450,25,대전광역시,대전BIS
DJB8002976,대전과학기술대학교,36.30437,127.37378,2025-10-31,30050,25,대전광역시,대전BIS
DJB8002977,대전과학기술대학교,36.304604,127.373245,2025-10-31,30030,25,대전광역시,대전BIS
DJB8002978,계룡아파트,36.305378,127.37292,2025-10-31,30020,25,대전광역시,대전BIS
DJB8002980,호동,36.303894,127.45041,2025-10-31,20940,25,대전광역시,대전BIS
DJB8002981,호동,36.3047,127.44925,2025-10-31,20930,25,대전광역시,대전BIS
DJB8002982,호수돈여고,36.32702,127.41235,2025-10-31,21230,25,대전광역시,대전BIS
DJB8002983,호수돈여고,36.327415,127.41484,2025-10-31,20080,25,대전광역시,대전BIS
DJB8002984,홈플러스유성점,36.359398,127.3545,2025-10-31,41390,25,대전광역시,대전BIS
DJB8002986,대전문학관입구,36.35508,127.437546,2025-10-31,11850,25,대전광역시,대전BIS
DJB8002987,대전문학관입구,36.355103,127.436966,2025-10-31,11840,25,대전광역시,대전BIS
DJB8002988,홍도지하보도,36.34794,127.4216,2025-10-31,12070,25,대전광역시,대전BIS
DJB8002990,홍도동현암아파트,36.344673,127.42378,2025-10-31,12090,25,대전광역시,대전BIS
DJB8002991,홍도동현암아파트,36.344486,127.42376,2025-10-31,12080,25,대전광역시,대전BIS
DJB8002993,홍도지하차도,36.346127,127.4301,2025-10-31,12140,25,대전광역시,대전BIS
DJB8002994,홍도지하차도,36.34603,127.43053,2025-10-31,11930,25,대전광역시,대전BIS
DJB8002995,목척교,36.330173,127.43032,2025-10-31,12430,25,대전광역시,대전BIS
DJB8002997,온천교,36.35811,127.34342,2025-10-31,41360,25,대전광역시,대전BIS
DJB8002998,화곡,36.25397,127.40135,2025-10-31,22880,25,대전광역시,대전BIS
DJB8002999,화곡,36.254017,127.40158,2025-10-31,22890,25,대전광역시,대전BIS
DJB8003001,화물터미널,36.31635,127.31892,2025-10-31,40320,25,대전광역시,대전BIS
DJB8003002,수통골삼거리,36.348263,127.29597,2025-10-31,41660,25,대전광역시,대전BIS
DJB8003003,수통골삼거리,36.348057,127.29619,2025-10-31,41670,25,대전광역시,대전BIS
DJB8003004,화암네거리,36.407158,127.37362,2025-10-31,43490,25,대전광역시,대전BIS
DJB8003005,화암네거리,36.41027,127.37747,2025-10-31,43520,25,대전광역시,대전BIS
DJB8003006,화정초등학교,36.35812,127.4125,2025-10-31,50110,25,대전광역시,대전BIS
DJB8003007,한국지질자원연구원,36.37712,127.36094,2025-10-31,42820,25,대전광역시,대전BIS
DJB8003008,황실타운아파트,36.35995,127.370865,2025-10-31,32840,25,대전광역시,대전BIS
DJB8003009,세천삼거리,36.347694,127.4951,2025-10-31,13070,25,대전광역시,대전BIS
DJB8003010,세천삼거리,36.348003,127.49565,2025-10-31,13080,25,대전광역시,대전BIS
DJB8003011,회덕동주민센터,36.37663,127.4207,2025-10-31,50670,25,대전광역시,대전BIS
DJB8003012,회덕동주민센터,36.37649,127.421074,2025-10-31,50680,25,대전광역시,대전BIS
DJB8003014,효동네거리,36.316166,127.43991,2025-10-31,10170,25,대전광역시,대전BIS
DJB8003016,효동네거리,36.31648,127.44009,2025-10-31,10180,25,대전광역시,대전BIS
DJB8003017,효동행정복지센터,36.316113,127.44108,2025-10-31,10200,25,대전광역시,대전BIS
DJB8003018,효동행정복지센터,36.316086,127.44082,2025-10-31,10190,25,대전광역시,대전BIS
DJB8003020,효성신탄진공장,36.444374,127.40408,2025-10-31,51860,25,대전광역시,대전BIS
DJB8003021,효성신탄진공장,36.44466,127.40384,2025-10-31,51800,25,대전광역시,대전BIS
DJB8003022,효촌마을아파트,36.34516,127.43355,2025-10-31,11950,25,대전광역시,대전BIS
DJB8003024,효평동,36.39875,127.46813,2025-10-31,12910,25,대전광역시,대전BIS
DJB8003025,효평동,36.39886,127.46813,2025-10-31,12900,25,대전광역시,대전BIS
DJB8003026,효평삼거리,36.409626,127.473976,2025-10-31,12950,25,대전광역시,대전BIS
DJB8003027,효평삼거리,36.40934,127.47368,2025-10-31,12950,25,대전광역시,대전BIS
DJB8003028,효평삼거리,36.40928,127.473564,2025-10-31,12940,25,대전광역시,대전BIS
DJB8003030,효평마루,36.40645,127.473564,2025-10-31,12930,25,대전광역시,대전BIS
DJB8003031,효평마루,36.406376,127.473434,2025-10-31,12920,25,대전광역시,대전BIS
DJB8003032,만년교,36.352818,127.345505,2025-10-31,41380,25,대전광역시,대전BIS
DJB8003033,미호교,36.45997,127.46551,2025-10-31,52720,25,대전광역시,대전BIS
DJB8003034,미호교,36.45876,127.46551,2025-10-31,52730,25,대전광역시,대전BIS
DJB8003035,흑석네거리,36.254738,127.34128,2025-10-31,33720,25,대전광역시,대전BIS
DJB8003036,흑석네거리,36.254856,127.34121,2025-10-31,33710,25,대전광역시,대전BIS
DJB8003037,흑석리역,36.255295,127.34007,2025-10-31,33690,25,대전광역시,대전BIS
DJB8007559,수루배마을6단지,36.49436,127.31845,2025-10-31,76230,25,대전광역시,대전BIS
DJB8007560,수루배마을6단지,36.49455,127.31853,2025-10-31,76220,25,대전광역시,대전BIS
DJB8007561,"새나루마을9,10단지",36.49297,127.32451,2025-10-31,76240,25,대전광역시,대전BIS
DJB8007562,"새나루마을9,10단지",36.49296,127.32349,2025-10-31,76250,25,대전광역시,대전BIS
DJB8007563,푸르지오아파트,36.34668,127.40969,2025-10-31,23720,25,대전광역시,대전BIS
DJB8007564,유성온천역1번출구,36.352802,127.34395,2025-10-31,46850,25,대전광역시,대전BIS
DJB8007565,구암동기점지,36.356377,127.32934,2025-10-31,46800,25,대전광역시,대전BIS
DJB8007566,유성구보건소,36.35408,127.32886,2025-10-31,46820,25,대전광역시,대전BIS
DJB8007567,유성구보건소,36.35416,127.32885,2025-10-31,46810,25,대전광역시,대전BIS
DJB8007570,우미린아파트,36.45538,127.36413,2025-10-31,46870,25,대전광역시,대전BIS
DJB8007571,둔곡2교,36.45643,127.3606,2025-10-31,46880,25,대전광역시,대전BIS
DJB8007572,둔곡2교,36.45624,127.36128,2025-10-31,47010,25,대전광역시,대전BIS
DJB8007573,천동천3교,36.44883,127.35722,2025-10-31,46890,25,대전광역시,대전BIS
DJB8007574,천동천3교,36.44941,127.358025,2025-10-31,46920,25,대전광역시,대전BIS
DJB8007575,국제과학21로,36.44581,127.35226,2025-10-31,46900,25,대전광역시,대전BIS
DJB8007576,국제과학22로,36.44308,127.350296,2025-10-31,46910,25,대전광역시,대전BIS
DJB8007577,씨에이치씨랩,36.46003,127.360695,2025-10-31,46930,25,대전광역시,대전BIS
DJB8007578,씨에이치씨랩,36.4604,127.36053,2025-10-31,47000,25,대전광역시,대전BIS
DJB8007579,국제과학9로,36.46444,127.35991,2025-10-31,46940,25,대전광역시,대전BIS
DJB8007580,국제과학9로,36.46473,127.35989,2025-10-31,46990,25,대전광역시,대전BIS
DJB8007581,바이오오케스트라,36.47376,127.3688,2025-10-31,46950,25,대전광역시,대전BIS
DJB8007582,바이오오케스트라,36.47371,127.36858,2025-10-31,46980,25,대전광역시,대전BIS
DJB8007583,국제과학5로,36.47424,127.37296,2025-10-31,46960,25,대전광역시,대전BIS
DJB8007584,국제과학3로,36.47425,127.370964,2025-10-31,46970,25,대전광역시,대전BIS
DJB8007585,서한이다음1단지,36.45539,127.36401,2025-10-31,47020,25,대전광역시,대전BIS
DJB8007586,홍도아파트,36.3443,127.42787,2025-10-31,14880,25,대전광역시,대전BIS
DJB8007587,서한이다음2단지,36.452316,127.36349,2025-10-31,46860,25,대전광역시,대전BIS
DJB8007588,서한이다음2단지,36.452374,127.363335,2025-10-31,47030,25,대전광역시,대전BIS
DJB8007589,호반써밋그랜드파크,36.41508,127.39353,2025-10-31,47050,25,대전광역시,대전BIS
DJB8007590,호반써밋그랜드파크,36.415234,127.3934,2025-10-31,47040,25,대전광역시,대전BIS
DJB8007591,수천이들근린공원,36.3939,127.35274,2025-10-31,47060,25,대전광역시,대전BIS
DJB8007592,대룡초등학교,36.329937,127.45479,2025-10-31,14890,25,대전광역시,대전BIS
DJB8007593,용산고등학교,36.420444,127.39719,2025-10-31,47070,25,대전광역시,대전BIS
DJB8007594,용산고등학교,36.4202,127.39733,2025-10-31,47080,25,대전광역시,대전BIS
DJB8007599,둔산2동주민센터,36.353645,127.38086,2025-10-31,35850,25,대전광역시,대전BIS
DJB8007600,새나루마을10단지,36.493748,127.325554,2025-10-31,76310,25,대전광역시,대전BIS
DJB8007601,새나루마을10단지,36.49375,127.325264,2025-10-31,76320,25,대전광역시,대전BIS
DJB8007602,문글램핑,36.208225,127.44033,2025-10-31,14940,25,대전광역시,대전BIS
DJB8007603,문글램핑,36.20848,127.440315,2025-10-31,14950,25,대전광역시,대전BIS
DJB8007604,트리풀시티레이크포레,36.326332,127.34829,2025-10-31,35860,25,대전광역시,대전BIS
DJB8007605,휴먼시아10단지,36.338127,127.341095,2025-10-31,47130,25,대전광역시,대전BIS
DJB8007606,천년나무11단지,36.33883,127.346405,2025-10-31,47150,25,대전광역시,대전BIS
DJB8007607,트리풀시티엘리프,36.340416,127.35047,2025-10-31,47170,25,대전광역시,대전BIS
DJB8007608,도솔대교,36.343227,127.353226,2025-10-31,35870,25,대전광역시,대전BIS
DJB8007609,월평자동차전시장,36.347397,127.35179,2025-10-31,35890,25,대전광역시,대전BIS
DJB8007610,월평자동차전시장,36.346607,127.35176,2025-10-31,35900,25,대전광역시,대전BIS
DJB8007611,도솔대교,36.342834,127.353096,2025-10-31,35880,25,대전광역시,대전BIS
DJB8007612,트리풀시티힐스테이트,36.34072,127.350845,2025-10-31,47180,25,대전광역시,대전BIS
DJB8007613,천년나무11단지,36.338825,127.3457,2025-10-31,47160,25,대전광역시,대전BIS
DJB8007614,휴먼시아10단지,36.338364,127.33897,2025-10-31,47140,25,대전광역시,대전BIS
DJB8007615,공구백화점,36.368187,127.400246,2025-10-31,53620,25,대전광역시,대전BIS
DJB8007616,호반써밋그랜드파크4단지,36.412636,127.39167,2025-10-31,47190,25,대전광역시,대전BIS
DJB8007617,호반써밋그랜드파크2단지,36.41287,127.39165,2025-10-31,47200,25,대전광역시,대전BIS
DJB8007618,다울터마을,36.28294,127.226776,2025-10-31,,25,대전광역시,대전BIS
DJB8007619,다울터마을,36.28281,127.22679,2025-10-31,,25,대전광역시,대전BIS
DJB8007620,냉천로 152번길,36.39028,127.490135,2025-10-31,14970,25,대전광역시,대전BIS
DJB8007621,냉천로 152번길,36.39013,127.490135,2025-10-31,14960,25,대전광역시,대전BIS
DJB8007622,대전하늘채스카이앤,36.33746,127.41738,2025-10-31,23730,25,대전광역시,대전BIS
DJB8007623,구완동,36.279274,127.424286,2025-10-31,13640,25,대전광역시,대전BIS
DJB8007624,천동천1교,36.442398,127.35228,2025-10-31,47410,25,대전광역시,대전BIS
DJB8007625,둔곡교차로,36.468273,127.36436,2025-10-31,47420,25,대전광역시,대전BIS
DJB8007626,둔곡교차로,36.466637,127.36213,2025-10-31,47440,25,대전광역시,대전BIS
DJB8007627,둔곡교차로,36.46802,127.36271,2025-10-31,47430,25,대전광역시,대전BIS
DJB8007628,"해밀동,산울동",36.529675,127.26467,2025-10-31,75520,25,대전광역시,대전BIS
DJB8007629,세종충남대학교병원,36.51865,127.25702,2025-10-31,75540,25,대전광역시,대전BIS
DJB8007630,아름제2중(가락마을20단지),36.51658,127.24137,2025-10-31,75560,25,대전광역시,대전BIS
DJB8007631,종촌초등학교,36.50344,127.240875,2025-10-31,75580,25,대전광역시,대전BIS
DJB8007632,다정동커뮤니티센터,36.494343,127.2488,2025-10-31,75600,25,대전광역시,대전BIS
DJB8007633,새롬동커뮤니티센터,36.485134,127.25094,2025-10-31,75620,25,대전광역시,대전BIS
DJB8007634,한솔동(첫마을),36.481136,127.26155,2025-10-31,75650,25,대전광역시,대전BIS
DJB8007635,한솔동(첫마을),36.48129,127.26187,2025-10-31,75660,25,대전광역시,대전BIS
DJB8007636,새롬동커뮤니티센터,36.48585,127.250854,2025-10-31,75640,25,대전광역시,대전BIS
DJB8007637,다정동커뮤니티센터,36.495506,127.24904,2025-10-31,75610,25,대전광역시,대전BIS
DJB8007638,종촌초등학교,36.503807,127.24139,2025-10-31,75590,25,대전광역시,대전BIS
DJB8007639,아름제2중(가락마을20단지),36.516697,127.24187,2025-10-31,75570,25,대전광역시,대전BIS
DJB8001842,선바위삼거리,36.421192,127.41982,2025-10-31,52190,25,대전광역시,대전BIS
DJB8001843,중구체육복지센터,36.275246,127.400246,2025-10-31,22840,25,대전광역시,대전BIS
DJB8001844,중구체육복지센터,36.27535,127.400375,2025-10-31,22850,25,대전광역시,대전BIS
DJB8001845,산서초등학교,36.26677,127.40827,2025-10-31,22910,25,대전광역시,대전BIS
DJB8001846,산성네거리,36.30329,127.386314,2025-10-31,22290,25,대전광역시,대전BIS
DJB8001847,산성네거리,36.303757,127.386055,2025-10-31,22280,25,대전광역시,대전BIS
DJB8001848,산성시장,36.305172,127.388626,2025-10-31,22340,25,대전광역시,대전BIS
DJB8001849,산성동새마을회관,36.306236,127.39183,2025-10-31,22400,25,대전광역시,대전BIS
DJB8001850,산성동새마을회관,36.306515,127.392075,2025-10-31,22410,25,대전광역시,대전BIS
DJB8001851,산성동행정복지센터,36.30615,127.38652,2025-10-31,22300,25,대전광역시,대전BIS
DJB8001852,산성시장,36.306076,127.38686,2025-10-31,22310,25,대전광역시,대전BIS
DJB8001853,산성시장,36.305336,127.38817,2025-10-31,22330,25,대전광역시,대전BIS
DJB8001854,산성우성아파트,36.311142,127.3937,2025-10-31,22430,25,대전광역시,대전BIS
DJB8001855,산성우성아파트,36.311466,127.39393,2025-10-31,21730,25,대전광역시,대전BIS
DJB8001856,산성초등학교,36.300503,127.3855,2025-10-31,22570,25,대전광역시,대전BIS
DJB8001857,산성초등학교,36.300632,127.385826,2025-10-31,22580,25,대전광역시,대전BIS
DJB8001858,산정마을,36.234413,127.46263,2025-10-31,13980,25,대전광역시,대전BIS
DJB8001859,산정마을,36.234993,127.463135,2025-10-31,13990,25,대전광역시,대전BIS
DJB8001860,용태울,36.235455,127.342415,2025-10-31,34070,25,대전광역시,대전BIS
DJB8001861,토옥골,36.239723,127.34406,2025-10-31,34090,25,대전광역시,대전BIS
DJB8001862,산흥초등학교,36.227905,127.44764,2025-10-31,13940,25,대전광역시,대전BIS
DJB8001863,산흥초등학교,36.228016,127.44788,2025-10-31,13950,25,대전광역시,대전BIS
DJB8001864,소룡골입구,36.244488,127.47372,2025-10-31,13870,25,대전광역시,대전BIS
DJB8001865,삼괴동/송촌마을,36.254787,127.47794,2025-10-31,13900,25,대전광역시,대전BIS
DJB8001866,삼박골,36.29499,127.27489,2025-10-31,40750,25,대전광역시,대전BIS
DJB8001867,삼박골,36.29509,127.27477,2025-10-31,40730,25,대전광역시,대전BIS
DJB8001868,삼부아파트,36.322933,127.39383,2025-10-31,21490,25,대전광역시,대전BIS
DJB8001869,삼부아파트,36.32371,127.393845,2025-10-31,21480,25,대전광역시,대전BIS
DJB8001870,삼성2동,36.339813,127.416626,2025-10-31,12170,25,대전광역시,대전BIS
DJB8001871,삼성초등학교,36.336555,127.43039,2025-10-31,12330,25,대전광역시,대전BIS
DJB8001872,삼성네거리,36.33712,127.43016,2025-10-31,12320,25,대전광역시,대전BIS
DJB8001873,삼성네거리,36.33878,127.428825,2025-10-31,11920,25,대전광역시,대전BIS
DJB8001874,대전테크노파크,36.327652,127.42272,2025-10-31,20270,25,대전광역시,대전BIS
DJB8001875,선화동우체국,36.328003,127.42371,2025-10-31,20290,25,대전광역시,대전BIS
DJB8001876,삼성초등학교,36.336464,127.43009,2025-10-31,12310,25,대전광역시,대전BIS
DJB8001877,삼성화재연수원,36.354305,127.30093,2025-10-31,41730,25,대전광역시,대전BIS
DJB8001878,삼성화재연수원,36.35427,127.30049,2025-10-31,41710,25,대전광역시,대전BIS
DJB8001879,삼정동,36.325794,127.47292,2025-10-31,10860,25,대전광역시,대전BIS
DJB8001880,삼정동,36.325916,127.47342,2025-10-31,10870,25,대전광역시,대전BIS
DJB8001881,삼정동,36.43775,127.463135,2025-10-31,52660,25,대전광역시,대전BIS
DJB8001882,삼정동,36.43782,127.463066,2025-10-31,52670,25,대전광역시,대전BIS
DJB8001883,삼정동.근장골길,36.447323,127.46533,2025-10-31,52680,25,대전광역시,대전BIS
DJB8001884,삼정동.근장골길,36.44739,127.46538,2025-10-31,52690,25,대전광역시,대전BIS
DJB8001885,갈전동.아래갈밭,36.431103,127.46795,2025-10-31,52630,25,대전광역시,대전BIS
DJB8001886,갈전동.아래갈밭,36.43113,127.46784,2025-10-31,52620,25,대전광역시,대전BIS
DJB8001887,삼정동.소골마을,36.442608,127.46668,2025-10-31,52710,25,대전광역시,대전BIS
DJB8001888,삼정동.소골마을,36.44264,127.46657,2025-10-31,52700,25,대전광역시,대전BIS
DJB8001889,삼정하이츠타운,36.37344,127.42635,2025-10-31,51080,25,대전광역시,대전BIS
DJB8001890,삼천중학교,36.35907,127.39509,2025-10-31,32630,25,대전광역시,대전BIS
DJB8001891,삼호아파트,36.354397,127.44783,2025-10-31,51560,25,대전광역시,대전BIS
DJB8001892,삿갓집,36.267147,127.28883,2025-10-31,41030,25,대전광역시,대전BIS
DJB8001893,삿갓집,36.267532,127.29001,2025-10-31,41040,25,대전광역시,대전BIS
DJB8001894,상당,36.294476,127.38923,2025-10-31,22630,25,대전광역시,대전BIS
DJB8001895,상당,36.294456,127.38949,2025-10-31,22640,25,대전광역시,대전BIS
DJB8001896,상보안,36.276413,127.34595,2025-10-31,34470,25,대전광역시,대전BIS
DJB8001897,상보안,36.276512,127.3458,2025-10-31,34460,25,대전광역시,대전BIS
DJB8001899,상소동(노인병원),36.229843,127.45482,2025-10-31,13960,25,대전광역시,대전BIS
DJB8001900,상소동(노인병원),36.230034,127.45492,2025-10-31,13970,25,대전광역시,대전BIS
DJB8001901,상소동산림욕장,36.238365,127.46839,2025-10-31,13850,25,대전광역시,대전BIS
DJB8001902,상수도사업본부,36.34579,127.36829,2025-10-31,31780,25,대전광역시,대전BIS
DJB8001903,상수도사업본부,36.34651,127.36858,2025-10-31,31810,25,대전광역시,대전BIS
DJB8001904,새뜸마을,36.40234,127.437485,2025-10-31,52390,25,대전광역시,대전BIS
DJB8001905,새뜸마을,36.40214,127.4376,2025-10-31,52400,25,대전광역시,대전BIS
DJB8001906,새여울아파트,36.45254,127.434555,2025-10-31,52910,25,대전광역시,대전BIS
DJB8001907,새울,36.330772,127.46579,2025-10-31,11130,25,대전광역시,대전BIS
DJB8001908,새울,36.330875,127.46608,2025-10-31,11150,25,대전광역시,대전BIS
DJB8003038,흑석리역,36.255207,127.33997,2025-10-31,33680,25,대전광역시,대전BIS
DJB8003041,국가정보자원관리원,36.39692,127.37347,2025-10-31,43500,25,대전광역시,대전BIS
DJB8003043,KT인재개발원,36.33853,127.376175,2025-10-31,31350,25,대전광역시,대전BIS
DJB8003044,KT인재개발원,36.33873,127.37544,2025-10-31,31340,25,대전광역시,대전BIS
DJB8003045,LG생활건강기술연구원,36.38482,127.36226,2025-10-31,43410,25,대전광역시,대전BIS
DJB8003046,GS칼텍스저유소,36.295704,127.35677,2025-10-31,33220,25,대전광역시,대전BIS
DJB8003047,MBC/TJB방송국,36.374596,127.394844,2025-10-31,43320,25,대전광역시,대전BIS
DJB8003048,MBC/TJB방송국,36.374832,127.395134,2025-10-31,43330,25,대전광역시,대전BIS
DJB8003051,우송대동캠퍼스,36.33291,127.453545,2025-10-31,14280,25,대전광역시,대전BIS
DJB8003052,정방마을입구,36.24826,127.31995,2025-10-31,34940,25,대전광역시,대전BIS
DJB8003053,가수원네거리,36.30549,127.35399,2025-10-31,34930,25,대전광역시,대전BIS
DJB8003054,대전역/역전시장,36.33012,127.433365,2025-10-31,14270,25,대전광역시,대전BIS
DJB8003056,구즉초등학교,36.43996,127.381805,2025-10-31,82530,25,대전광역시,대전BIS
DJB8003057,휴먼시아 1단지,36.437954,127.382324,2025-10-31,82550,25,대전광역시,대전BIS
DJB8003058,원묵산,36.13495,127.35739,2025-10-31,74680,25,대전광역시,대전BIS
DJB8003059,원묵산,36.1348,127.35742,2025-10-31,3059,25,대전광역시,대전BIS
DJB8003060,대둔산눈썰매장,36.132042,127.35356,2025-10-31,74690,25,대전광역시,대전BIS
DJB8003061,대둔산눈썰매장,36.13191,127.353516,2025-10-31,3061,25,대전광역시,대전BIS
DJB8003062,대둔산휴게소,36.12581,127.34061,2025-10-31,74700,25,대전광역시,대전BIS
DJB8003063,진산,36.14204,127.3673,2025-10-31,74650,25,대전광역시,대전BIS
DJB8003064,구완2교,36.27762,127.4215,2025-10-31,23270,25,대전광역시,대전BIS
DJB8003065,구완2교,36.277527,127.42145,2025-10-31,23570,25,대전광역시,대전BIS
DJB8003068,수통골입구,36.34874,127.29758,2025-10-31,45770,25,대전광역시,대전BIS
DJB8003069,수통골입구,36.34852,127.29774,2025-10-31,45760,25,대전광역시,대전BIS
DJB8003070,리빙포레아파트,36.343468,127.30337,2025-10-31,45790,25,대전광역시,대전BIS
DJB8003071,미학아파트,36.343277,127.30327,2025-10-31,45780,25,대전광역시,대전BIS
DJB8003072,학하동종점,36.337196,127.30318,2025-10-31,45810,25,대전광역시,대전BIS
DJB8003073,학의뜰아파트,36.33584,127.30183,2025-10-31,45800,25,대전광역시,대전BIS
DJB8003075,목양초등학교,36.33632,127.406296,2025-10-31,23280,25,대전광역시,대전BIS
DJB8003076,목양초등학교,36.336227,127.406075,2025-10-31,23290,25,대전광역시,대전BIS
DJB8003077,목양마을아파트후문,36.33695,127.40358,2025-10-31,23240,25,대전광역시,대전BIS
DJB8003082,대덕구장애인복지관,36.388077,127.42259,2025-10-31,53170,25,대전광역시,대전BIS
DJB8003083,남대문공원,36.444256,127.57497,2025-10-31,61220,25,대전광역시,대전BIS
DJB8003084,남대문공원,36.444424,127.574905,2025-10-31,61230,25,대전광역시,대전BIS
DJB8003085,이사동하사,36.286423,127.448326,2025-10-31,14300,25,대전광역시,대전BIS
DJB8003086,이사동하사,36.286327,127.44834,2025-10-31,14310,25,대전광역시,대전BIS
DJB8003087,대덕특구체육공원,36.403206,127.39759,2025-10-31,45840,25,대전광역시,대전BIS
DJB8003088,대덕특구체육공원,36.402363,127.397606,2025-10-31,45850,25,대전광역시,대전BIS
DJB8003089,한국방송통신대학교,36.414448,127.40096,2025-10-31,45860,25,대전광역시,대전BIS
DJB8003090,한국방송통신대학교,36.41428,127.400764,2025-10-31,45870,25,대전광역시,대전BIS
DJB8003099,트리풀시티9단지,36.341614,127.33818,2025-10-31,45880,25,대전광역시,대전BIS
DJB8003100,트리풀시티9단지,36.341488,127.33867,2025-10-31,45890,25,대전광역시,대전BIS
DJB8003101,목원대네거리,36.332047,127.33942,2025-10-31,33250,25,대전광역시,대전BIS
DJB8003102,목원대네거리,36.332363,127.339554,2025-10-31,41820,25,대전광역시,대전BIS
DJB8003105,서남부터미널종점,36.31194,127.38778,2025-10-31,21670,25,대전광역시,대전BIS
DJB8003108,대한통운종점,36.38233,127.42531,2025-10-31,,25,대전광역시,대전BIS
DJB8003109,낭월공영차고지기점,36.26705,127.47933,2025-10-31,,25,대전광역시,대전BIS
DJB8003110,원촌동솔로몬로파크,36.377296,127.40477,2025-10-31,45900,25,대전광역시,대전BIS
DJB8003111,광석낚시터,36.270893,127.22435,2025-10-31,73880,25,대전광역시,대전BIS
DJB8003112,소라실,36.27523,127.22469,2025-10-31,73890,25,대전광역시,대전BIS
DJB8003113,향적산입구,36.281715,127.21924,2025-10-31,73910,25,대전광역시,대전BIS
DJB8003114,장자동,36.273323,127.21266,2025-10-31,73920,25,대전광역시,대전BIS
DJB8003115,도곡2교,36.269634,127.21401,2025-10-31,73115,25,대전광역시,대전BIS
DJB8003122,상소룡골,36.242847,127.45402,2025-10-31,14320,25,대전광역시,대전BIS
DJB8003123,대한항공기술연구원,36.40275,127.38879,2025-10-31,45920,25,대전광역시,대전BIS
DJB8003124,대한항공기술연구원,36.40287,127.38908,2025-10-31,45910,25,대전광역시,대전BIS
DJB8003125,신양2리,36.215683,127.284355,2025-10-31,72290,25,대전광역시,대전BIS
DJB8003126,신양2리,36.215565,127.28425,2025-10-31,72300,25,대전광역시,대전BIS
DJB8003127,우송중고등학교,36.334812,127.44208,2025-10-31,14820,25,대전광역시,대전BIS
DJB8003128,우송대학교서캠퍼스,36.338306,127.44476,2025-10-31,14840,25,대전광역시,대전BIS
DJB8003129,자양동,36.34075,127.44717,2025-10-31,14860,25,대전광역시,대전BIS
DJB8003130,대주파크빌,36.341404,127.44756,2025-10-31,14870,25,대전광역시,대전BIS
DJB8003131,우송대학교서캠퍼스,36.339024,127.44515,2025-10-31,14850,25,대전광역시,대전BIS
DJB8003132,대성여자중고등학교,36.336617,127.44302,2025-10-31,14830,25,대전광역시,대전BIS
DJB8003133,신동,36.475838,127.36818,2025-10-31,46730,25,대전광역시,대전BIS
DJB8003134,신동,36.4757,127.36955,2025-10-31,46740,25,대전광역시,대전BIS
DJB8003135,신동천교,36.473938,127.37609,2025-10-31,46750,25,대전광역시,대전BIS
DJB8007640,세종충남대학교병원,36.518723,127.256165,2025-10-31,75550,25,대전광역시,대전BIS
DJB8007641,"해밀동,산울동",36.52854,127.26397,2025-10-31,75530,25,대전광역시,대전BIS
DJB8007642,누리동기점지,36.529152,127.294815,2025-10-31,75500,25,대전광역시,대전BIS
DJB8007643,누리동기점지,36.529015,127.29524,2025-10-31,75510,25,대전광역시,대전BIS
DJB8007644,원앙마을아파트,36.310184,127.33512,2025-10-31,35910,25,대전광역시,대전BIS
DJB8007645,대정동원당마을,36.315834,127.33489,2025-10-31,47250,25,대전광역시,대전BIS
DJB8007646,도안2-3지구,36.32322,127.333046,2025-10-31,47230,25,대전광역시,대전BIS
DJB8007647,도안2-5지구,36.326054,127.33306,2025-10-31,47210,25,대전광역시,대전BIS
DJB8007648,갑천근린공원,36.355595,127.35141,2025-10-31,47320,25,대전광역시,대전BIS
DJB8007649,봉명동 문화원로,36.358696,127.348976,2025-10-31,47290,25,대전광역시,대전BIS
DJB8007650,봉명동 문화원로,36.358715,127.347916,2025-10-31,47310,25,대전광역시,대전BIS
DJB8007651,갑천근린공원,36.355198,127.35079,2025-10-31,47330,25,대전광역시,대전BIS
DJB8007654,도안2-5지구,36.32505,127.33259,2025-10-31,47220,25,대전광역시,대전BIS
DJB8007655,도안2-3지구,36.321857,127.33258,2025-10-31,47240,25,대전광역시,대전BIS
DJB8007656,대정동원당마을,36.314648,127.33483,2025-10-31,47260,25,대전광역시,대전BIS
DJB8007657,대전공공어린이재활병원,36.30983,127.33468,2025-10-31,35920,25,대전광역시,대전BIS
DJB8007658,이마트,36.35673,127.37938,2025-10-31,31000,25,대전광역시,대전BIS
DJB8007659,구래뜰,36.39528,127.47097,2025-10-31,14980,25,대전광역시,대전BIS
DJB8007660,구래뜰,36.39513,127.470825,2025-10-31,14990,25,대전광역시,대전BIS
DJB8007664,향적산교,36.287685,127.21528,2025-10-31,77475,25,대전광역시,대전BIS
DJB8007665,향한1리,36.283035,127.22014,2025-10-31,77450,25,대전광역시,대전BIS
DJB8007671,도솔네거리,36.334225,127.367455,2025-10-31,35930,25,대전광역시,대전BIS
DJB8007672,산정마을입구,36.235313,127.462616,2025-10-31,15000,25,대전광역시,대전BIS
DJB8007673,산정마을입구,36.23528,127.462585,2025-10-31,15010,25,대전광역시,대전BIS
DJB8007674,유성선병원,36.37534,127.32569,2025-10-31,47360,25,대전광역시,대전BIS
DJB8007675,유성선병원,36.374855,127.32612,2025-10-31,47370,25,대전광역시,대전BIS
DJB8007676,반석역,36.39243,127.31432,2025-10-31,47270,25,대전광역시,대전BIS
DJB8007677,반석역,36.391552,127.31515,2025-10-31,47280,25,대전광역시,대전BIS
DJB8007678,구완동,36.279274,127.424286,2025-10-31,22780,25,대전광역시,대전BIS
DJB8007679,대전월드컵경기장,36.363644,127.32721,2025-10-31,47390,25,대전광역시,대전BIS
DJB8007680,대전월드컵경기장,36.364838,127.32704,2025-10-31,47380,25,대전광역시,대전BIS
DJB8007681,반석네거리,36.388763,127.3172,2025-10-31,47350,25,대전광역시,대전BIS
DJB8007682,반석네거리,36.389225,127.31668,2025-10-31,47340,25,대전광역시,대전BIS
DJB8007683,더샵도안트위넌스,36.3295,127.33262,2025-10-31,47450,25,대전광역시,대전BIS
DJB8007684,힐스테이트도안퍼스트,36.32783,127.333046,2025-10-31,47460,25,대전광역시,대전BIS
DJB8070001,한국가스기술공사,36.434776,127.38992,2025-10-31,45580,25,대전광역시,대전BIS
DJB8070002,한국가스기술공사,36.435658,127.390335,2025-10-31,45570,25,대전광역시,대전BIS
DJB8070003,송강중학교,36.43789,127.38274,2025-10-31,45600,25,대전광역시,대전BIS
DJB8070004,송강중학교,36.43804,127.38177,2025-10-31,45590,25,대전광역시,대전BIS
DJB8070005,가장교오거리,36.327843,127.38591,2025-10-31,34830,25,대전광역시,대전BIS
DJB8070006,가장교오거리,36.328114,127.386246,2025-10-31,34840,25,대전광역시,대전BIS
DJB8070007,복수동사정교,36.29722,127.38001,2025-10-31,34850,25,대전광역시,대전BIS
DJB8070008,대전도시과학고등학교,36.296066,127.319496,2025-10-31,45620,25,대전광역시,대전BIS
DJB8070009,한아름아파트,36.29591,127.319565,2025-10-31,45610,25,대전광역시,대전BIS
DJB8070010,샘물타운아파트,36.29806,127.32329,2025-10-31,34860,25,대전광역시,대전BIS
DJB8070011,수목토아파트,36.31862,127.34813,2025-10-31,33290,25,대전광역시,대전BIS
DJB8070012,트리풀시티레이크포레,36.325153,127.34816,2025-10-31,34880,25,대전광역시,대전BIS
DJB8070013,예미지7단지,36.347095,127.3479,2025-10-31,45640,25,대전광역시,대전BIS
DJB8070014,봉명베르디움,36.350018,127.348145,2025-10-31,45660,25,대전광역시,대전BIS
DJB8070015,봉명베르디움,36.350044,127.347946,2025-10-31,45670,25,대전광역시,대전BIS
DJB8070017,트리풀시티레이크포레,36.326283,127.3479,2025-10-31,34890,25,대전광역시,대전BIS
DJB8070018,수목토아파트,36.319626,127.347855,2025-10-31,33280,25,대전광역시,대전BIS
DJB8070023,봉명중학교,36.3487,127.34562,2025-10-31,45710,25,대전광역시,대전BIS
DJB8070024,예미지7단지,36.34843,127.346176,2025-10-31,45720,25,대전광역시,대전BIS
DJB8070025,봉명초등학교,36.348774,127.342316,2025-10-31,45730,25,대전광역시,대전BIS
DJB8070026,도안센트럴시티,36.348476,127.34224,2025-10-31,45740,25,대전광역시,대전BIS
DJB8070028,대전시립제1노인병원,36.406475,127.372154,2025-10-31,45560,25,대전광역시,대전BIS
DJB8070029,흥도초등학교,36.333828,127.3381,2025-10-31,41800,25,대전광역시,대전BIS
DJB8070030,흥도초등학교,36.333813,127.33826,2025-10-31,41810,25,대전광역시,대전BIS
DJB8070031,청벽산공원네거리,36.413025,127.406235,2025-10-31,46050,25,대전광역시,대전BIS
DJB8070032,청벽산공원네거리,36.41277,127.40592,2025-10-31,46060,25,대전광역시,대전BIS
DJB8070033,보문산교통광장,36.287434,127.39129,2025-10-31,23490,25,대전광역시,대전BIS
DJB8070034,보문산교통광장,36.28766,127.39131,2025-10-31,23500,25,대전광역시,대전BIS
DJB8070035,안산산성,36.413048,127.298,2025-10-31,46040,25,대전광역시,대전BIS
DJB8070036,안산1통,36.410435,127.299576,2025-10-31,46030,25,대전광역시,대전BIS
DJB8001909,새일초등학교,36.429924,127.41926,2025-10-31,52170,25,대전광역시,대전BIS
DJB8001910,새터,36.243614,127.32511,2025-10-31,34000,25,대전광역시,대전BIS
DJB8001911,새터,36.243416,127.32542,2025-10-31,34010,25,대전광역시,대전BIS
DJB8001912,샘머리공원,36.357403,127.39334,2025-10-31,32600,25,대전광역시,대전BIS
DJB8001913,샘머리아파트,36.361553,127.39041,2025-10-31,32500,25,대전광역시,대전BIS
DJB8001914,샘물타운아파트,36.298393,127.32307,2025-10-31,40230,25,대전광역시,대전BIS
DJB8001915,샘물타운아파트,36.29973,127.32204,2025-10-31,40220,25,대전광역시,대전BIS
DJB8001916,샘물타운아파트,36.29987,127.32176,2025-10-31,40210,25,대전광역시,대전BIS
DJB8001917,샛고개,36.271008,127.37876,2025-10-31,23520,25,대전광역시,대전BIS
DJB8001918,샛고개,36.27125,127.37905,2025-10-31,22730,25,대전광역시,대전BIS
DJB8001919,샛별아파트,36.35993,127.376175,2025-10-31,32940,25,대전광역시,대전BIS
DJB8001920,구샤또호텔,36.35286,127.43957,2025-10-31,11880,25,대전광역시,대전BIS
DJB8001921,한국전기공사협회,36.353367,127.43958,2025-10-31,11860,25,대전광역시,대전BIS
DJB8001922,서구보건소,36.36827,127.37935,2025-10-31,34710,25,대전광역시,대전BIS
DJB8001923,서구보건소,36.36857,127.37971,2025-10-31,34720,25,대전광역시,대전BIS
DJB8001924,서구청,36.355667,127.38408,2025-10-31,32330,25,대전광역시,대전BIS
DJB8001925,서구청,36.355972,127.38386,2025-10-31,32320,25,대전광역시,대전BIS
DJB8001926,서대전고등학교,36.359234,127.36855,2025-10-31,32810,25,대전광역시,대전BIS
DJB8001927,서대전네거리역2번출구,36.321434,127.409584,2025-10-31,22150,25,대전광역시,대전BIS
DJB8001928,서대전네거리역4번출구,36.324894,127.409225,2025-10-31,21400,25,대전광역시,대전BIS
DJB8001929,서대전네거리역3번출구,36.322006,127.4105,2025-10-31,21410,25,대전광역시,대전BIS
DJB8001930,서대전네거리역1번출구,36.321213,127.41367,2025-10-31,22230,25,대전광역시,대전BIS
DJB8001931,서대전네거리역5번출구,36.324142,127.410805,2025-10-31,21200,25,대전광역시,대전BIS
DJB8001932,서대전여고,36.326725,127.37098,2025-10-31,30460,25,대전광역시,대전BIS
DJB8001934,서대전역네거리,36.320564,127.406425,2025-10-31,22040,25,대전광역시,대전BIS
DJB8001935,서대전역네거리,36.321037,127.4069,2025-10-31,21380,25,대전광역시,대전BIS
DJB8001936,서대전역,36.3227,127.40459,2025-10-31,21350,25,대전광역시,대전BIS
DJB8001937,서대전역,36.323532,127.404526,2025-10-31,21340,25,대전광역시,대전BIS
DJB8001938,서대전역입구,36.325096,127.40055,2025-10-31,21650,25,대전광역시,대전BIS
DJB8001939,서대전역입구,36.32497,127.40029,2025-10-31,21640,25,대전광역시,대전BIS
DJB8001940,서대전육교,36.31901,127.40052,2025-10-31,21840,25,대전광역시,대전BIS
DJB8001941,KT서대전지사입구,36.337757,127.384514,2025-10-31,31390,25,대전광역시,대전BIS
DJB8001942,KT서대전지사입구,36.338528,127.38518,2025-10-31,31400,25,대전광역시,대전BIS
DJB8001943,서대전초등학교,36.324917,127.410934,2025-10-31,21220,25,대전광역시,대전BIS
DJB8001944,서대전IC,36.29332,127.32043,2025-10-31,40180,25,대전광역시,대전BIS
DJB8001946,서대전IC,36.294,127.31839,2025-10-31,40100,25,대전광역시,대전BIS
DJB8001947,서부경찰서,36.309406,127.37388,2025-10-31,30070,25,대전광역시,대전BIS
DJB8001948,버드내네거리,36.317017,127.39268,2025-10-31,21720,25,대전광역시,대전BIS
DJB8001949,서부농협본점,36.34239,127.38748,2025-10-31,31120,25,대전광역시,대전BIS
DJB8001950,대전산업정보고,36.335476,127.389824,2025-10-31,30920,25,대전광역시,대전BIS
DJB8001951,대전산업정보고,36.33591,127.38988,2025-10-31,30930,25,대전광역시,대전BIS
DJB8001952,둔산소방서,36.34671,127.369545,2025-10-31,31870,25,대전광역시,대전BIS
DJB8001953,서부종합시장,36.31545,127.39004,2025-10-31,21690,25,대전광역시,대전BIS
DJB8001954,서부종합시장,36.315086,127.39017,2025-10-31,21700,25,대전광역시,대전BIS
DJB8001955,서남부터미널,36.312706,127.389,2025-10-31,22370,25,대전광역시,대전BIS
DJB8001956,서남부터미널기점,36.314888,127.387314,2025-10-31,21660,25,대전광역시,대전BIS
DJB8001957,서오아파트,36.359337,127.44572,2025-10-31,51520,25,대전광역시,대전BIS
DJB8001958,서오아파트,36.358665,127.44556,2025-10-31,51530,25,대전광역시,대전BIS
DJB8001959,서우아파트2단지,36.333344,127.3726,2025-10-31,31610,25,대전광역시,대전BIS
DJB8001960,서일고등학교,36.29402,127.32119,2025-10-31,35540,25,대전광역시,대전BIS
DJB8001962,서중학교입구,36.33314,127.37368,2025-10-31,31630,25,대전광역시,대전BIS
DJB8001963,석교동행정복지센터,36.309025,127.443535,2025-10-31,20900,25,대전광역시,대전BIS
DJB8001964,석교동행정복지센터,36.309402,127.44198,2025-10-31,20890,25,대전광역시,대전BIS
DJB8001965,석봉과선교,36.447426,127.43049,2025-10-31,52850,25,대전광역시,대전BIS
DJB8001966,삼정취수장,36.449356,127.45637,2025-10-31,52650,25,대전광역시,대전BIS
DJB8001967,삼정취수장,36.449474,127.45641,2025-10-31,52640,25,대전광역시,대전BIS
DJB8001968,석봉초등학교,36.448044,127.433075,2025-10-31,52870,25,대전광역시,대전BIS
DJB8001969,석봉초등학교,36.448143,127.43447,2025-10-31,52900,25,대전광역시,대전BIS
DJB8001970,아침마을아파트,36.34226,127.43931,2025-10-31,11480,25,대전광역시,대전BIS
DJB8001973,선골,36.278584,127.36598,2025-10-31,34640,25,대전광역시,대전BIS
DJB8001974,선골,36.278587,127.36582,2025-10-31,34650,25,대전광역시,대전BIS
DJB8001975,선바위,36.42408,127.41955,2025-10-31,52200,25,대전광역시,대전BIS
DJB8001976,선바위,36.4238,127.41968,2025-10-31,52210,25,대전광역시,대전BIS
DJB8001977,선바위,36.424828,127.41896,2025-10-31,52160,25,대전광역시,대전BIS
DJB8001978,선바위,36.425995,127.41894,2025-10-31,52140,25,대전광역시,대전BIS
DJB8003136,신동천교,36.473835,127.37719,2025-10-31,46760,25,대전광역시,대전BIS
DJB8005001,남대문리,36.44332,127.57311,2025-10-31,61200,25,대전광역시,대전BIS
DJB8005002,남대문리,36.443493,127.57303,2025-10-31,61190,25,대전광역시,대전BIS
DJB8005003,우무동리,36.423023,127.53145,2025-10-31,61010,25,대전광역시,대전BIS
DJB8005004,우무동리,36.422997,127.53161,2025-10-31,61020,25,대전광역시,대전BIS
DJB8005005,분저리,36.437527,127.57069,2025-10-31,61170,25,대전광역시,대전BIS
DJB8005006,분저리,36.43768,127.570915,2025-10-31,61180,25,대전광역시,대전BIS
DJB8005007,사음리,36.4311,127.54209,2025-10-31,61050,25,대전광역시,대전BIS
DJB8005008,사음리,36.43124,127.54238,2025-10-31,61060,25,대전광역시,대전BIS
DJB8005009,삼양3리,36.30819,127.563255,2025-10-31,62080,25,대전광역시,대전BIS
DJB8005010,삼양3리,36.307884,127.56353,2025-10-31,62090,25,대전광역시,대전BIS
DJB8005011,삼양사거리,36.30946,127.561134,2025-10-31,62060,25,대전광역시,대전BIS
DJB8005012,삼양삼거리,36.309547,127.561325,2025-10-31,62070,25,대전광역시,대전BIS
DJB8005013,서정리,36.312817,127.55696,2025-10-31,62050,25,대전광역시,대전BIS
DJB8005014,서정리,36.31322,127.556465,2025-10-31,62040,25,대전광역시,대전BIS
DJB8005015,송림가든,36.436222,127.567055,2025-10-31,61140,25,대전광역시,대전BIS
DJB8005016,송림가든,36.43629,127.56694,2025-10-31,61130,25,대전광역시,대전BIS
DJB8005017,당골마을,36.3176,127.54691,2025-10-31,62200,25,대전광역시,대전BIS
DJB8005018,당골마을,36.317833,127.54707,2025-10-31,62010,25,대전광역시,대전BIS
DJB8005019,신곡리,36.440342,127.569824,2025-10-31,61160,25,대전광역시,대전BIS
DJB8005020,신곡리,36.44039,127.56971,2025-10-31,61150,25,대전광역시,대전BIS
DJB8005021,양중지,36.433487,127.561264,2025-10-31,61100,25,대전광역시,대전BIS
DJB8005022,양중지,36.433586,127.56115,2025-10-31,61090,25,대전광역시,대전BIS
DJB8005023,양지공원,36.433697,127.56468,2025-10-31,61110,25,대전광역시,대전BIS
DJB8005024,양지공원,36.43385,127.564766,2025-10-31,61120,25,대전광역시,대전BIS
DJB8005025,어부동,36.430008,127.53908,2025-10-31,61040,25,대전광역시,대전BIS
DJB8005026,어부동,36.430103,127.53902,2025-10-31,61030,25,대전광역시,대전BIS
DJB8005027,옥각리,36.31688,127.55474,2025-10-31,62030,25,대전광역시,대전BIS
DJB8005028,옥각리,36.31759,127.554054,2025-10-31,62020,25,대전광역시,대전BIS
DJB8005029,옥천기점,36.30702,127.56335,2025-10-31,62190,25,대전광역시,대전BIS
DJB8005030,옥천농협앞,36.300407,127.56713,2025-10-31,62140,25,대전광역시,대전BIS
DJB8005031,옥천교육청,36.304035,127.56787,2025-10-31,62150,25,대전광역시,대전BIS
DJB8005032,옥천버스앞,36.299007,127.56668,2025-10-31,62130,25,대전광역시,대전BIS
DJB8005033,옥천버스앞,36.29964,127.56634,2025-10-31,62120,25,대전광역시,대전BIS
DJB8005034,옥천시외버스터미널,36.306953,127.565575,2025-10-31,62110,25,대전광역시,대전BIS
DJB8005035,옥천시외버스터미널,36.30695,127.565,2025-10-31,62100,25,대전광역시,대전BIS
DJB8005036,옥천종합상가,36.301872,127.56827,2025-10-31,62160,25,대전광역시,대전BIS
DJB8005037,옥천종합상가,36.30253,127.56847,2025-10-31,62170,25,대전광역시,대전BIS
DJB8005038,옥천중학교,36.303795,127.5686,2025-10-31,62180,25,대전광역시,대전BIS
DJB8005039,회남대교,36.43339,127.550095,2025-10-31,61070,25,대전광역시,대전BIS
DJB8005040,회남대교,36.433533,127.550095,2025-10-31,61080,25,대전광역시,대전BIS
DJB8005041,회남종점,36.44501,127.58029,2025-10-31,61210,25,대전광역시,대전BIS
DJB8005042,감성리(32사 방면),36.44018,127.288155,2025-10-31,34004,25,대전광역시,대전BIS
DJB8005043,감성리,36.44028,127.28826,2025-10-31,34002,25,대전광역시,대전BIS
DJB8005044,감성초등학교,36.44351,127.28761,2025-10-31,34003,25,대전광역시,대전BIS
DJB8005045,감성초등학교,36.443645,127.287384,2025-10-31,34005,25,대전광역시,대전BIS
DJB8005046,계룡대제2문,36.29976,127.237015,2025-10-31,73630,25,대전광역시,대전BIS
DJB8005047,계룡복지센터,36.295986,127.24217,2025-10-31,73700,25,대전광역시,대전BIS
DJB8005048,계룡시청,36.273994,127.251724,2025-10-31,73800,25,대전광역시,대전BIS
DJB8005049,계룡시청,36.27436,127.25168,2025-10-31,73090,25,대전광역시,대전BIS
DJB8005051,계룡시보건소,36.272232,127.25046,2025-10-31,73050,25,대전광역시,대전BIS
DJB8005052,이편한세상아파트,36.271957,127.26659,2025-10-31,73470,25,대전광역시,대전BIS
DJB8005053,계룡역,36.272263,127.26577,2025-10-31,73460,25,대전광역시,대전BIS
DJB8005056,박산고개,36.475056,127.36248,2025-10-31,75490,25,대전광역시,대전BIS
DJB8005057,박산고개,36.47512,127.36253,2025-10-31,75480,25,대전광역시,대전BIS
DJB8005059,곡남리종점,36.1628,127.397934,2025-10-31,74460,25,대전광역시,대전BIS
DJB8005060,곡남리종점,36.163036,127.39828,2025-10-31,74470,25,대전광역시,대전BIS
DJB8005061,곡남삼거리,36.15947,127.39726,2025-10-31,74550,25,대전광역시,대전BIS
DJB8005062,곡남삼거리,36.159298,127.39735,2025-10-31,74560,25,대전광역시,대전BIS
DJB8005063,해미르아파트,36.29853,127.239716,2025-10-31,73670,25,대전광역시,대전BIS
DJB8005066,교촌1리,36.15142,127.38237,2025-10-31,74570,25,대전광역시,대전BIS
DJB8005067,교촌1리,36.15131,127.382454,2025-10-31,74580,25,대전광역시,대전BIS
DJB8005068,교촌리모랭이골,36.15497,127.390625,2025-10-31,74590,25,대전광역시,대전BIS
DJB8005069,교촌리모랭이골,36.15485,127.39067,2025-10-31,74600,25,대전광역시,대전BIS
DJB8005070,구례1리,36.201187,127.37899,2025-10-31,74270,25,대전광역시,대전BIS
DJB8005071,구례1리,36.201374,127.379135,2025-10-31,74280,25,대전광역시,대전BIS
DJB8005072,구례2리,36.203876,127.37959,2025-10-31,74310,25,대전광역시,대전BIS
DJB8005073,구례2리,36.203873,127.379395,2025-10-31,74300,25,대전광역시,대전BIS
DJB8005074,구례3리,36.19633,127.38252,2025-10-31,74330,25,대전광역시,대전BIS
DJB8005075,구례3리,36.197037,127.381905,2025-10-31,74320,25,대전광역시,대전BIS
DJB8070037,산막골,36.201332,127.34049,2025-10-31,34990,25,대전광역시,대전BIS
DJB8070038,산막골,36.201443,127.340546,2025-10-31,35000,25,대전광역시,대전BIS
DJB8070039,하산막골,36.203613,127.34124,2025-10-31,35010,25,대전광역시,대전BIS
DJB8070040,하산막골,36.20389,127.34145,2025-10-31,35020,25,대전광역시,대전BIS
DJB8070041,목련농원,36.20853,127.3395,2025-10-31,35030,25,대전광역시,대전BIS
DJB8070042,목련농원,36.208622,127.339615,2025-10-31,35040,25,대전광역시,대전BIS
DJB8070043,수정초등학교,36.36711,127.31431,2025-10-31,46070,25,대전광역시,대전BIS
DJB8070044,수정초등학교,36.36665,127.313965,2025-10-31,46080,25,대전광역시,대전BIS
DJB8070045,유성숲오투그란데,36.34608,127.301254,2025-10-31,45820,25,대전광역시,대전BIS
DJB8070046,덕명중학교,36.34625,127.30137,2025-10-31,45830,25,대전광역시,대전BIS
DJB8070047,안산1통,36.41061,127.29953,2025-10-31,43800,25,대전광역시,대전BIS
DJB8070048,대전세종연구원,36.48944,127.302345,2025-10-31,76300,25,대전광역시,대전BIS
DJB8070049,집현동,36.49818,127.32136,2025-10-31,57034,25,대전광역시,대전BIS
DJB8070050,집현동,36.49804,127.323044,2025-10-31,57033,25,대전광역시,대전BIS
DJB8070051,한국개발연구원(KDI),36.482357,127.30716,2025-10-31,76280,25,대전광역시,대전BIS
DJB8070052,한국개발연구원(KDI),36.48259,127.3074,2025-10-31,76290,25,대전광역시,대전BIS
DJB8070053,"법원,검찰청,경찰청",36.486923,127.3019,2025-10-31,76110,25,대전광역시,대전BIS
DJB8072536,산정마을종점,36.23442,127.45493,2025-10-31,14810,25,대전광역시,대전BIS
DJB8072537,산정마을종점(출발),36.234413,127.45514,2025-10-31,,25,대전광역시,대전BIS
DJB8072538,금강센트럴파크서희스타힐스,36.453724,127.42403,2025-10-31,53600,25,대전광역시,대전BIS
DJB8072539,금강로하스엘크루,36.45371,127.42383,2025-10-31,53610,25,대전광역시,대전BIS
DJB8072540,팽나무수변공원,36.270218,127.47148,2025-10-31,14900,25,대전광역시,대전BIS
DJB8072541,남대전물류단지,36.271667,127.468864,2025-10-31,14920,25,대전광역시,대전BIS
DJB8072542,남대전물류단지,36.271603,127.46878,2025-10-31,14930,25,대전광역시,대전BIS
DJB8072543,팽나무수변공원,36.27021,127.47135,2025-10-31,14910,25,대전광역시,대전BIS
DJB8081299,KT&G연구소,36.38403,127.34612,2025-10-31,42971,25,대전광역시,대전BIS
DJB8102775,탑립육교,36.410786,127.39411,2025-10-31,44400,25,대전광역시,대전BIS
DJB8102776,탑립육교,36.410706,127.39426,2025-10-31,44410,25,대전광역시,대전BIS
DJB8105096,달전리마을회관,36.462,127.34915,2025-10-31,34027,25,대전광역시,대전BIS
DJB9001027,가수원역,36.298588,127.35589,2025-10-31,,25,대전광역시,대전BIS
DJB9001029,대덕대학,36.390774,127.36313,2025-10-31,,25,대전광역시,대전BIS
DJB9001059,갈마아파트3단지,36.341507,127.37227,2025-10-31,,25,대전광역시,대전BIS
DJB9001224,기성농협,36.25356,127.34092,2025-10-31,33700,25,대전광역시,대전BIS
DJB9001246,남대전고등학교,36.315746,127.42723,2025-10-31,,25,대전광역시,대전BIS
DJB9001265,냉천골종점,36.41495,127.49069,2025-10-31,12860,25,대전광역시,대전BIS
DJB9001365,대성여자고등학교,36.33816,127.43792,2025-10-31,12350,25,대전광역시,대전BIS
DJB9001376,대전고등학교,36.323307,127.42549,2025-10-31,,25,대전광역시,대전BIS
DJB9001433,철도차량정비단,36.42665,127.42772,2025-10-31,53050,25,대전광역시,대전BIS
DJB9001455,대한통운종점,36.383934,127.42528,2025-10-31,50710,25,대전광역시,대전BIS
DJB9001595,만년고등학교,36.36736,127.37401,2025-10-31,,25,대전광역시,대전BIS
DJB9001641,목원대학교,36.329475,127.33803,2025-10-31,33230,25,대전광역시,대전BIS
DJB9001746,보문오거리,36.317078,127.425064,2025-10-31,,25,대전광역시,대전BIS
DJB9001753,보훈병원종점,36.448544,127.43832,2025-10-31,52970,25,대전광역시,대전BIS
DJB9001783,봉산동기점,36.44825,127.384605,2025-10-31,44490,25,대전광역시,대전BIS
DJB9001891,삼호아파트,36.35399,127.44925,2025-10-31,51560,25,대전광역시,대전BIS
DJB9001932,서대전여고,36.32689,127.37054,2025-10-31,30460,25,대전광역시,대전BIS
DJB9001936,서대전역,36.32163,127.40499,2025-10-31,,25,대전광역시,대전BIS
DJB9002017,성북동산림욕장,36.31497,127.28343,2025-10-31,,25,대전광역시,대전BIS
DJB9002022,세동종점,36.311546,127.26877,2025-10-31,40640,25,대전광역시,대전BIS
DJB9002062,송정소징이,36.287224,127.24938,2025-10-31,40840,25,대전광역시,대전BIS
DJB9002070,수운교입구,36.412895,127.339676,2025-10-31,,25,대전광역시,대전BIS
DJB9002077,수통골기점지,36.346436,127.29512,2025-10-31,41650,25,대전광역시,대전BIS
DJB9002089,시청환승지,36.351566,127.38445,2025-10-31,32340,25,대전광역시,대전BIS
DJB9002090,시청환승지,36.352467,127.385284,2025-10-31,32360,25,대전광역시,대전BIS
DJB9002114,대전역동광장,36.3335,127.43905,2025-10-31,11400,25,대전광역시,대전BIS
DJB9002115,신안동,36.33071,127.44126,2025-10-31,,25,대전광역시,대전BIS
DJB9002170,안산동,36.41465,127.29834,2025-10-31,43790,25,대전광역시,대전BIS
DJB9002174,안영동검바위마을,36.275196,127.37695,2025-10-31,22710,25,대전광역시,대전BIS
DJB9002200,어덕마을종점,36.33355,127.40243,2025-10-31,21150,25,대전광역시,대전BIS
DJB9002327,용호동종점,36.437256,127.4481,2025-10-31,52980,25,대전광역시,대전BIS
DJB9002381,월평주공아파트,36.36213,127.37101,2025-10-31,32820,25,대전광역시,대전BIS
DJB9002451,은어송마을3단지후문,36.311447,127.458565,2025-10-31,,25,대전광역시,대전BIS
DJB9002498,장동2구,36.396004,127.440315,2025-10-31,52510,25,대전광역시,대전BIS
DJB9002651,중촌주공2단지,36.343216,127.410576,2025-10-31,20490,25,대전광역시,대전BIS
DJB9002665,직동종점,36.41642,127.47764,2025-10-31,12960,25,대전광역시,대전BIS
DJB9002683,뿌리공원,36.286144,127.37909,2025-10-31,22490,25,대전광역시,대전BIS
DJB9002684,천개동종점,36.381557,127.45864,2025-10-31,12890,25,대전광역시,대전BIS
DJB9002736,충대농대종점,36.36739,127.35208,2025-10-31,,25,대전광역시,대전BIS
DJB9002737,충대농대종점,36.367615,127.35218,2025-10-31,,25,대전광역시,대전BIS
DJB9002745,충렬사삼거리,36.39629,127.35361,2025-10-31,,25,대전광역시,대전BIS
DJB9002765,탑립동,36.408413,127.40161,2025-10-31,44330,25,대전광역시,대전BIS
DJB9002937,한빛고교,36.284378,127.37635,2025-10-31,22660,25,대전광역시,대전BIS
DJB9002968,향촌아파트,36.35576,127.377396,2025-10-31,32010,25,대전광역시,대전BIS
DJB8001979,선병원,36.337505,127.40965,2025-10-31,20460,25,대전광역시,대전BIS
DJB8001980,선병원,36.33753,127.40931,2025-10-31,20360,25,대전광역시,대전BIS
DJB8001981,선비마을2단지,36.36889,127.440216,2025-10-31,50970,25,대전광역시,대전BIS
DJB8001982,선비마을3단지,36.36815,127.43996,2025-10-31,50980,25,대전광역시,대전BIS
DJB8001983,선비마을4단지,36.36647,127.44497,2025-10-31,51060,25,대전광역시,대전BIS
DJB8001984,선비마을4단지후문,36.36757,127.44241,2025-10-31,50990,25,대전광역시,대전BIS
DJB8001985,선비마을5단지,36.36633,127.44515,2025-10-31,51030,25,대전광역시,대전BIS
DJB8001986,선비마을입구,36.36762,127.43654,2025-10-31,50920,25,대전광역시,대전BIS
DJB8001987,선비마을입구,36.36793,127.43644,2025-10-31,50910,25,대전광역시,대전BIS
DJB8001988,선사유적지,36.359932,127.37881,2025-10-31,32960,25,대전광역시,대전BIS
DJB8001989,선사유적지,36.361702,127.379265,2025-10-31,32980,25,대전광역시,대전BIS
DJB8001990,세명요양병원,36.33509,127.417625,2025-10-31,20140,25,대전광역시,대전BIS
DJB8001991,선화동천주교회,36.335632,127.41735,2025-10-31,20130,25,대전광역시,대전BIS
DJB8001992,스마트뷰아파트,36.343735,127.43398,2025-10-31,11960,25,대전광역시,대전BIS
DJB8001993,성남네거리,36.340137,127.43618,2025-10-31,11990,25,대전광역시,대전BIS
DJB8001994,성남네거리,36.34042,127.43501,2025-10-31,11970,25,대전광역시,대전BIS
DJB8001995,성남네거리,36.341225,127.43724,2025-10-31,12000,25,대전광역시,대전BIS
DJB8001996,성남네거리,36.3417,127.43559,2025-10-31,11980,25,대전광역시,대전BIS
DJB8001997,성덕중학교,36.38632,127.34598,2025-10-31,42950,25,대전광역시,대전BIS
DJB8001998,성룡초등학교,36.361343,127.37414,2025-10-31,32890,25,대전광역시,대전BIS
DJB8001999,성룡초등학교,36.36168,127.37444,2025-10-31,32910,25,대전광역시,대전BIS
DJB8002000,성모병원,36.323353,127.41863,2025-10-31,20550,25,대전광역시,대전BIS
DJB8002001,성모병원,36.323917,127.41935,2025-10-31,20570,25,대전광역시,대전BIS
DJB8002002,성북1통,36.31458,127.28457,2025-10-31,40800,25,대전광역시,대전BIS
DJB8002006,성북2통동구나무,36.303936,127.29271,2025-10-31,40580,25,대전광역시,대전BIS
DJB8002007,성북2통동구나무,36.3038,127.292625,2025-10-31,40570,25,대전광역시,대전BIS
DJB8002008,성북2통마을회관앞,36.30664,127.29163,2025-10-31,40560,25,대전광역시,대전BIS
DJB8002009,성북2통마을회관앞,36.30641,127.29155,2025-10-31,40550,25,대전광역시,대전BIS
DJB8002012,성북3통굿개말길,36.298546,127.29593,2025-10-31,40600,25,대전광역시,대전BIS
DJB8002013,성북3통굿개말길,36.29852,127.29574,2025-10-31,40590,25,대전광역시,대전BIS
DJB8002014,성북3통마을회관,36.29448,127.299416,2025-10-31,40620,25,대전광역시,대전BIS
DJB8002015,성북3통마을회관,36.294304,127.29933,2025-10-31,40610,25,대전광역시,대전BIS
DJB8002017,성북동산림욕장,36.315147,127.28231,2025-10-31,40790,25,대전광역시,대전BIS
DJB8002018,성우동산,36.388916,127.42147,2025-10-31,50740,25,대전광역시,대전BIS
DJB8002019,성우동산,36.39015,127.42121,2025-10-31,50750,25,대전광역시,대전BIS
DJB8002020,세동2통,36.284863,127.27658,2025-10-31,40780,25,대전광역시,대전BIS
DJB8002021,세동2통,36.284878,127.27648,2025-10-31,40770,25,대전광역시,대전BIS
DJB8002022,세동종점,36.312447,127.26805,2025-10-31,40640,25,대전광역시,대전BIS
DJB8002023,세원화성,36.372078,127.41219,2025-10-31,50520,25,대전광역시,대전BIS
DJB8002024,세원화성,36.373,127.41164,2025-10-31,50490,25,대전광역시,대전BIS
DJB8002025,세종아파트,36.399532,127.40378,2025-10-31,44190,25,대전광역시,대전BIS
DJB8002026,세종아파트,36.39971,127.40374,2025-10-31,44180,25,대전광역시,대전BIS
DJB8002027,세천/새동네,36.336132,127.48561,2025-10-31,12990,25,대전광역시,대전BIS
DJB8002028,세천/새동네,36.336124,127.48619,2025-10-31,13000,25,대전광역시,대전BIS
DJB8002029,세천동,36.34042,127.49213,2025-10-31,13020,25,대전광역시,대전BIS
DJB8002030,세천동,36.340477,127.49192,2025-10-31,13010,25,대전광역시,대전BIS
DJB8002031,대청동행정복지센터,36.342896,127.49263,2025-10-31,13040,25,대전광역시,대전BIS
DJB8002032,센트럴파크2단지,36.31571,127.40874,2025-10-31,22140,25,대전광역시,대전BIS
DJB8002033,센트럴파크2단지,36.31631,127.409584,2025-10-31,22130,25,대전광역시,대전BIS
DJB8002034,소룡골입구,36.244564,127.4736,2025-10-31,13860,25,대전광역시,대전BIS
DJB8002035,소리.말미,36.267746,127.452065,2025-10-31,13770,25,대전광역시,대전BIS
DJB8002036,소리.말미,36.267864,127.45189,2025-10-31,13760,25,대전광역시,대전BIS
DJB8002037,소월아파트,36.36864,127.43348,2025-10-31,51210,25,대전광역시,대전BIS
DJB8002038,소월아파트,36.36885,127.43368,2025-10-31,51220,25,대전광역시,대전BIS
DJB8002039,중앙동주민센터,36.33516,127.43944,2025-10-31,11460,25,대전광역시,대전BIS
DJB8002040,중앙동주민센터,36.335583,127.43895,2025-10-31,11450,25,대전광역시,대전BIS
DJB8002041,소호2동,36.264996,127.44033,2025-10-31,13730,25,대전광역시,대전BIS
DJB8002042,소호2동,36.265137,127.4403,2025-10-31,13720,25,대전광역시,대전BIS
DJB8002043,소호동,36.26409,127.44974,2025-10-31,13750,25,대전광역시,대전BIS
DJB8002044,소호동,36.264137,127.44959,2025-10-31,13740,25,대전광역시,대전BIS
DJB8002047,원촌동솔로몬로파크,36.37677,127.403275,2025-10-31,44260,25,대전광역시,대전BIS
DJB8002048,송강전통시장,36.43543,127.38708,2025-10-31,44830,25,대전광역시,대전BIS
DJB8002049,송강전통시장,36.435654,127.38718,2025-10-31,44820,25,대전광역시,대전BIS
DJB8002050,송강초등학교,36.43245,127.38405,2025-10-31,44730,25,대전광역시,대전BIS
DJB8002052,송림마을2단지,36.38645,127.32136,2025-10-31,43590,25,대전광역시,대전BIS
DJB8002053,송림마을3단지,36.389603,127.32316,2025-10-31,43610,25,대전광역시,대전BIS
DJB8005076,구만리,36.261295,127.37803,2025-10-31,74250,25,대전광역시,대전BIS
DJB8005077,구만리,36.261517,127.37793,2025-10-31,74230,25,대전광역시,대전BIS
DJB8005080,금남면사무소,36.464825,127.28118,2025-10-31,34011,25,대전광역시,대전BIS
DJB8005081,금남면사무소,36.464188,127.28089,2025-10-31,34010,25,대전광역시,대전BIS
DJB8005082,금남초등학교,36.47194,127.28633,2025-10-31,75150,25,대전광역시,대전BIS
DJB8005083,금남초등학교,36.471306,127.28599,2025-10-31,75160,25,대전광역시,대전BIS
DJB8005084,금암2통,36.278625,127.25142,2025-10-31,73060,25,대전광역시,대전BIS
DJB8005085,금암2통,36.278706,127.25164,2025-10-31,73080,25,대전광역시,대전BIS
DJB8005089,노인종합복지관,36.271835,127.2591,2025-10-31,73130,25,대전광역시,대전BIS
DJB8005091,금오골,36.385277,127.541084,2025-10-31,62350,25,대전광역시,대전BIS
DJB8005092,장영실고등학교,36.477425,127.29795,2025-10-31,75250,25,대전광역시,대전BIS
DJB8005093,장영실고등학교,36.47756,127.29868,2025-10-31,75260,25,대전광역시,대전BIS
DJB8005094,신도안면사무소,36.299744,127.241035,2025-10-31,73680,25,대전광역시,대전BIS
DJB8005095,농소리마을회관,36.253864,127.25233,2025-10-31,73360,25,대전광역시,대전BIS
DJB8005096,달전리,36.461998,127.34915,2025-10-31,75430,25,대전광역시,대전BIS
DJB8005097,대박리2,36.478188,127.34401,2025-10-31,75410,25,대전광역시,대전BIS
DJB8005098,대박리2,36.47827,127.34424,2025-10-31,75420,25,대전광역시,대전BIS
DJB8005099,용포리,36.46845,127.28151,2025-10-31,75070,25,대전광역시,대전BIS
DJB8005100,도곡1리마을회관,36.267776,127.2138,2025-10-31,73150,25,대전광역시,대전BIS
DJB8005104,동학사,36.359505,127.23939,2025-10-31,71010,25,대전광역시,대전BIS
DJB8005105,동학사입구,36.360004,127.244286,2025-10-31,71030,25,대전광역시,대전BIS
DJB8005106,동학사입구,36.36007,127.24383,2025-10-31,71020,25,대전광역시,대전BIS
DJB8005107,국민체육센터,36.265705,127.27661,2025-10-31,73580,25,대전광역시,대전BIS
DJB8005108,국민체육센터,36.26559,127.27651,2025-10-31,73590,25,대전광역시,대전BIS
DJB8005109,두마면사무소,36.268265,127.2737,2025-10-31,73570,25,대전광역시,대전BIS
DJB8005110,두마면사무소,36.268204,127.27361,2025-10-31,73560,25,대전광역시,대전BIS
DJB8005111,두마초등학교,36.269608,127.27153,2025-10-31,73510,25,대전광역시,대전BIS
DJB8005112,두마초등학교,36.269497,127.2715,2025-10-31,73500,25,대전광역시,대전BIS
DJB8005113,두만리,36.434082,127.2828,2025-10-31,34044,25,대전광역시,대전BIS
DJB8005114,두만리,36.43418,127.28278,2025-10-31,34045,25,대전광역시,대전BIS
DJB8005115,성원아파트,36.286263,127.24105,2025-10-31,73270,25,대전광역시,대전BIS
DJB8005116,두산아파트,36.286377,127.24072,2025-10-31,73260,25,대전광역시,대전BIS
DJB8005117,리버트리스쿨,36.250427,127.37467,2025-10-31,74090,25,대전광역시,대전BIS
DJB8005118,리버트리스쿨,36.25036,127.374886,2025-10-31,74100,25,대전광역시,대전BIS
DJB8005120,마전.태봉마을,36.19382,127.46045,2025-10-31,74530,25,대전광역시,대전BIS
DJB8005121,마전.태봉마을,36.193974,127.46027,2025-10-31,74520,25,대전광역시,대전BIS
DJB8005122,마전종점,36.189888,127.4676,2025-10-31,74540,25,대전광역시,대전BIS
DJB8005123,무궁화동산,36.298843,127.23571,2025-10-31,73620,25,대전광역시,대전BIS
DJB8005125,대박리1,36.47713,127.349266,2025-10-31,75450,25,대전광역시,대전BIS
DJB8005126,대박리1,36.477154,127.34945,2025-10-31,75440,25,대전광역시,대전BIS
DJB8005127,박정자삼거리,36.368614,127.25869,2025-10-31,71080,25,대전광역시,대전BIS
DJB8005128,박정자삼거리,36.368385,127.25872,2025-10-31,71090,25,대전광역시,대전BIS
DJB8005129,발산리,36.456123,127.28451,2025-10-31,34053,25,대전광역시,대전BIS
DJB8005130,발산리,36.456215,127.28465,2025-10-31,34054,25,대전광역시,대전BIS
DJB8005131,방아실,36.388668,127.54719,2025-10-31,62380,25,대전광역시,대전BIS
DJB8005132,방아실입구.와정리,36.390873,127.531204,2025-10-31,13280,25,대전광역시,대전BIS
DJB8005133,방아실입구.와정리,36.390972,127.53104,2025-10-31,13270,25,대전광역시,대전BIS
DJB8005134,방축리,36.147373,127.375244,2025-10-31,74610,25,대전광역시,대전BIS
DJB8005135,방축리,36.147217,127.37536,2025-10-31,74620,25,대전광역시,대전BIS
DJB8005136,국곡리,36.428024,127.27663,2025-10-31,34007,25,대전광역시,대전BIS
DJB8005137,국곡리,36.428085,127.27653,2025-10-31,34008,25,대전광역시,대전BIS
DJB8005138,백석리,36.32615,127.54076,2025-10-31,62330,25,대전광역시,대전BIS
DJB8005139,백암리,36.184025,127.37814,2025-10-31,74210,25,대전광역시,대전BIS
DJB8005140,백암리,36.184143,127.37839,2025-10-31,74220,25,대전광역시,대전BIS
DJB8005141,백암리종점,36.206318,127.399254,2025-10-31,74480,25,대전광역시,대전BIS
DJB8005142,벌곡,36.205135,127.2658,2025-10-31,72050,25,대전광역시,대전BIS
DJB8005143,벌곡,36.205856,127.26595,2025-10-31,72060,25,대전광역시,대전BIS
DJB8005146,사정2리,36.195595,127.270996,2025-10-31,72130,25,대전광역시,대전BIS
DJB8005147,사정2리,36.19546,127.27101,2025-10-31,72140,25,대전광역시,대전BIS
DJB8005148,복수면사무소,36.166523,127.39805,2025-10-31,74450,25,대전광역시,대전BIS
DJB8005149,복수면사무소,36.166695,127.397865,2025-10-31,74440,25,대전광역시,대전BIS
DJB8005150,복수중학교,36.180428,127.389336,2025-10-31,74390,25,대전광역시,대전BIS
DJB8005151,복수중학교,36.18037,127.389244,2025-10-31,74380,25,대전광역시,대전BIS
DJB8005152,부대앞,36.260212,127.375114,2025-10-31,74120,25,대전광역시,대전BIS
DJB8005153,부대앞,36.260155,127.37487,2025-10-31,74110,25,대전광역시,대전BIS
DJB8005154,사봉,36.367573,127.26516,2025-10-31,71100,25,대전광역시,대전BIS
DJB8005155,사봉,36.36816,127.265465,2025-10-31,71110,25,대전광역시,대전BIS
DJB8005158,삼진아파트,36.28241,127.23943,2025-10-31,73250,25,대전광역시,대전BIS
DJB8005159,삼진아파트,36.282314,127.23914,2025-10-31,73240,25,대전광역시,대전BIS
DJB8005161,새거리,36.38212,127.538216,2025-10-31,62300,25,대전광역시,대전BIS
DJB9003016,효동네거리,36.31885,127.43924,2025-10-31,10160,25,대전광역시,대전BIS
DJB9003027,효평삼거리,36.409588,127.47391,2025-10-31,12950,25,대전광역시,대전BIS
DJB9003028,효평삼거리,36.409664,127.47388,2025-10-31,12940,25,대전광역시,대전BIS
DJB9003062,대둔산휴게소,36.12641,127.34155,2025-10-31,74700,25,대전광역시,대전BIS
DJB9003105,서남부터미널종점,36.31271,127.38789,2025-10-31,21670,25,대전광역시,대전BIS
DJB9003122,상소룡골,36.242577,127.4548,2025-10-31,14320,25,대전광역시,대전BIS
DJB9005041,회남종점,36.44414,127.57889,2025-10-31,61210,25,대전광역시,대전BIS
DJB9005095,농소리,36.25427,127.2527,2025-10-31,73360,25,대전광역시,대전BIS
DJB9005100,도곡1리마을회관,36.26787,127.21411,2025-10-31,73150,25,대전광역시,대전BIS
DJB9005104,동학사,36.359516,127.240875,2025-10-31,,25,대전광역시,대전BIS
DJB9005122,마전종점,36.189686,127.4667,2025-10-31,74540,25,대전광역시,대전BIS
DJB9005131,방아실,36.38976,127.54583,2025-10-31,62380,25,대전광역시,대전BIS
DJB9005141,백암리종점,36.20623,127.399414,2025-10-31,74480,25,대전광역시,대전BIS
DJB9005188,신도안아파트,36.296005,127.24599,2025-10-31,73720,25,대전광역시,대전BIS
DJB9005503,신탄진기점지,36.45052,127.417755,2025-10-31,51650,25,대전광역시,대전BIS
DJB9005504,대전역동광장,36.332943,127.43691,2025-10-31,11410,25,대전광역시,대전BIS
DJB9005529,구완동,36.2792,127.42412,2025-10-31,22780,25,대전광역시,대전BIS
DJB9005538,낭월공영차고지,36.268803,127.47771,2025-10-31,13820,25,대전광역시,대전BIS
DJB9005548,대전역동광장,36.333298,127.438736,2025-10-31,11430,25,대전광역시,대전BIS
DJB9005568,신흥동종점,36.32252,127.44274,2025-10-31,10530,25,대전광역시,대전BIS
DJB9005583,정부청사광장,36.35819,127.38281,2025-10-31,32290,25,대전광역시,대전BIS
DJB9005621,대전역동광장종점,36.332012,127.437904,2025-10-31,11420,25,대전광역시,대전BIS
DJB9005908,둔천초등학교,36.37026,127.37721,2025-10-31,34670,25,대전광역시,대전BIS
DJB9005919,가장제일장로교회,36.3286,127.38244,2025-10-31,31470,25,대전광역시,대전BIS
DJB9007000,세종고속시외버스터미널,36.46891,127.2743,2025-10-31,,25,대전광역시,대전BIS
DJB9007010,비래검문소,36.355915,127.444664,2025-10-31,53220,25,대전광역시,대전BIS
DJB9007019,노은휴먼시아4단지,36.378033,127.30605,2025-10-31,45930,25,대전광역시,대전BIS
DJB9007040,윗사정삼거리,36.293003,127.399086,2025-10-31,23400,25,대전광역시,대전BIS
DJB9007055,오송역,36.61655,127.3289,2025-10-31,,25,대전광역시,대전BIS
DJB9007074,배재대학교종점,36.32296,127.36592,2025-10-31,,25,대전광역시,대전BIS
DJB9007125,두마면사무소앞,36.266506,127.27174,2025-10-31,,25,대전광역시,대전BIS
DJB9007174,신대차고지,36.40874,127.421585,2025-10-31,53250,25,대전광역시,대전BIS
DJB9007447,정림동종점,36.292442,127.360306,2025-10-31,35640,25,대전광역시,대전BIS
DJB9007514,대전역동광장종점,36.33268,127.4376,2025-10-31,11420,25,대전광역시,대전BIS
DJB9007516,평촌동종점,36.23689,127.308716,2025-10-31,,25,대전광역시,대전BIS
DJB9007518,동춘당,36.364178,127.44144,2025-10-31,,25,대전광역시,대전BIS
DJB9007519,집현동 기점지,36.49309,127.327,2025-10-31,,25,대전광역시,대전BIS
DJB9007520,집현동기점지,36.493263,127.32643,2025-10-31,,25,대전광역시,대전BIS
DJB9102765,탑립동,36.41181,127.40648,2025-10-31,44330,25,대전광역시,대전BIS
DJB0000635,오송역2.3.4,36.619297,127.32722,2025-10-31,1434,25,대전광역시,대전BIS
DJB0050300,오송리,36.61035,127.32625,2025-10-31,33190,25,대전광역시,대전BIS
DJB0050305,봉산3리,36.604088,127.30717,2025-10-31,3324,25,대전광역시,대전BIS
DJB0050306,서평리.중봉리,36.60387,127.307335,2025-10-31,3325,25,대전광역시,대전BIS
DJB0054837,오송역종점,36.619213,127.32729,2025-10-31,1499,25,대전광역시,대전BIS
DJB1000568,오송2리,36.61049,127.3261,2025-10-31,33180,25,대전광역시,대전BIS
DJB1000569,오송3리,36.61031,127.32609,2025-10-31,569,25,대전광역시,대전BIS
DJB3001026,조형아파트,36.63471,127.28878,2025-10-31,11073,25,대전광역시,대전BIS
DJB3001027,조형아파트,36.63441,127.28884,2025-10-31,11074,25,대전광역시,대전BIS
DJB3001030,신안2리입구,36.62874,127.28909,2025-10-31,11047,25,대전광역시,대전BIS
DJB3001031,신안2리입구,36.62926,127.28909,2025-10-31,11048,25,대전광역시,대전BIS
DJB3001054,번암아파트후문,36.58772,127.29233,2025-10-31,1054,25,대전광역시,대전BIS
DJB3001088,조치원전통시장,36.59962,127.29829,2025-10-31,11062,25,대전광역시,대전BIS
DJB3001090,조치원전통시장,36.59898,127.29861,2025-10-31,11063,25,대전광역시,대전BIS
DJB3001093,효성세종병원,36.59705,127.29895,2025-10-31,1093,25,대전광역시,대전BIS
DJB3010007,봉안리,36.49936,127.219,2025-10-31,35092,25,대전광역시,대전BIS
DJB3010008,봉안리,36.499264,127.21906,2025-10-31,35093,25,대전광역시,대전BIS
DJB3014014,해밀리,36.528637,127.26408,2025-10-31,31056,25,대전광역시,대전BIS
DJB3014017,해밀리,36.529377,127.264534,2025-10-31,31055,25,대전광역시,대전BIS
DJB3014025,한별리,36.533924,127.27671,2025-10-31,31054,25,대전광역시,대전BIS
DJB3014026,한별리,36.534035,127.27634,2025-10-31,31053,25,대전광역시,대전BIS
DJB3053004,새롬동.나성동,36.487446,127.25744,2025-10-31,51009,25,대전광역시,대전BIS
DJB3053005,새롬동.나성동,36.486855,127.25796,2025-10-31,51007,25,대전광역시,대전BIS
DJB3054003,다정동,36.49384,127.25661,2025-10-31,51015,25,대전광역시,대전BIS
DJB3056002,도담동,36.514725,127.258934,2025-10-31,52009,25,대전광역시,대전BIS
DJB3056003,도담동,36.51395,127.25929,2025-10-31,52008,25,대전광역시,대전BIS
DJB3061002,아름동복합커뮤니티센터,36.51182,127.24733,2025-10-31,61002,25,대전광역시,대전BIS
DJB3061003,아름동복합커뮤니티센터,36.51163,127.24741,2025-10-31,61003,25,대전광역시,대전BIS
DJB3062004,다정동,36.4947,127.25642,2025-10-31,52018,25,대전광역시,대전BIS
DJB3062006,정부세종청사남측,36.500698,127.25968,2025-10-31,52029,25,대전광역시,대전BIS
DJB3062007,정부세종청사남측,36.501614,127.25988,2025-10-31,52030,25,대전광역시,대전BIS
DJB3064020,대평리원형교차로,36.46002,127.28052,2025-10-31,34110,25,대전광역시,대전BIS
DJB3064021,대평리원형교차로,36.460003,127.28072,2025-10-31,34111,25,대전광역시,대전BIS
DJB3064035,효성세종병원,36.59725,127.29871,2025-10-31,64035,25,대전광역시,대전BIS
DJB3064083,번암아파트후문,36.58769,127.29204,2025-10-31,64083,25,대전광역시,대전BIS
DJB3064146,대동초등학교,36.5956,127.29355,2025-10-31,11101,25,대전광역시,대전BIS
DJB8002054,송림마을4단지,36.38938,127.32336,2025-10-31,43620,25,대전광역시,대전BIS
DJB8002056,송림마을1단지,36.388508,127.31767,2025-10-31,43990,25,대전광역시,대전BIS
DJB8002057,송정1통,36.279114,127.25645,2025-10-31,40860,25,대전광역시,대전BIS
DJB8002058,송정1통,36.27987,127.25586,2025-10-31,40870,25,대전광역시,대전BIS
DJB8002059,송정2통,36.275784,127.262794,2025-10-31,40890,25,대전광역시,대전BIS
DJB8002060,송정2통,36.276085,127.26265,2025-10-31,40880,25,대전광역시,대전BIS
DJB8002062,송정소징이,36.286747,127.250084,2025-10-31,40840,25,대전광역시,대전BIS
DJB8002063,송촌고등학교,36.361942,127.444756,2025-10-31,51050,25,대전광역시,대전BIS
DJB8002064,송촌고등학교,36.362057,127.444984,2025-10-31,51040,25,대전광역시,대전BIS
DJB8002065,송촌119안전센터,36.362892,127.438705,2025-10-31,50930,25,대전광역시,대전BIS
DJB8002066,송촌119안전센터,36.362732,127.43898,2025-10-31,50940,25,대전광역시,대전BIS
DJB8002068,수영장,36.259895,127.33756,2025-10-31,33670,25,대전광역시,대전BIS
DJB8002069,수영장,36.25978,127.33752,2025-10-31,33660,25,대전광역시,대전BIS
DJB8002070,수운교입구,36.412918,127.34116,2025-10-31,43750,25,대전광역시,대전BIS
DJB8002071,LH연구원,36.40553,127.39795,2025-10-31,44140,25,대전광역시,대전BIS
DJB8002072,LH연구원,36.40562,127.39795,2025-10-31,44150,25,대전광역시,대전BIS
DJB8002073,k-water인재개발원,36.405052,127.397545,2025-10-31,44120,25,대전광역시,대전BIS
DJB8002074,LH연구원,36.40469,127.397675,2025-10-31,44130,25,대전광역시,대전BIS
DJB8002075,수정타운아파트,36.357666,127.39748,2025-10-31,32660,25,대전광역시,대전BIS
DJB8002076,수정타운아파트정문,36.358475,127.39538,2025-10-31,32640,25,대전광역시,대전BIS
DJB8002077,수통골기점지,36.346115,127.29533,2025-10-31,41650,25,대전광역시,대전BIS
DJB8002078,벌말,36.46685,127.469284,2025-10-31,52770,25,대전광역시,대전BIS
DJB8002079,벌말,36.466747,127.46896,2025-10-31,52760,25,대전광역시,대전BIS
DJB8002080,스포츠프라자삼거리,36.36539,127.42271,2025-10-31,51300,25,대전광역시,대전BIS
DJB8002081,한밭수목원,36.364937,127.38877,2025-10-31,34740,25,대전광역시,대전BIS
DJB8002082,상소동산림욕장,36.23811,127.46818,2025-10-31,13840,25,대전광역시,대전BIS
DJB8002083,시민천문대,36.38432,127.35441,2025-10-31,43040,25,대전광역시,대전BIS
DJB8002084,시민천문대,36.38438,127.35464,2025-10-31,43050,25,대전광역시,대전BIS
DJB8002087,시청.교육청,36.351395,127.3835,2025-10-31,32310,25,대전광역시,대전BIS
DJB8002088,시청역,36.351147,127.38868,2025-10-31,32410,25,대전광역시,대전BIS
DJB8002089,시청환승지,36.35247,127.38445,2025-10-31,32340,25,대전광역시,대전BIS
DJB8002090,시청환승지,36.35203,127.38534,2025-10-31,32360,25,대전광역시,대전BIS
DJB8002091,신구교,36.439125,127.396126,2025-10-31,51820,25,대전광역시,대전BIS
DJB8002092,신구교,36.43963,127.396385,2025-10-31,51780,25,대전광역시,대전BIS
DJB8002093,신대아파트/한국수자원공사,36.400158,127.42282,2025-10-31,50800,25,대전광역시,대전BIS
DJB8002094,신동1통,36.47508,127.36701,2025-10-31,45070,25,대전광역시,대전BIS
DJB8002095,신동1통,36.475147,127.3671,2025-10-31,45080,25,대전광역시,대전BIS
DJB8002096,신동2통,36.47456,127.37276,2025-10-31,45090,25,대전광역시,대전BIS
DJB8002097,신동2통,36.47465,127.3728,2025-10-31,45100,25,대전광역시,대전BIS
DJB8002100,신동아아파트,36.358517,127.41242,2025-10-31,50100,25,대전광역시,대전BIS
DJB8002101,만남웨딩홀,36.35749,127.446815,2025-10-31,51540,25,대전광역시,대전BIS
DJB8002102,만남웨딩홀,36.358112,127.44777,2025-10-31,51550,25,대전광역시,대전BIS
DJB8002103,자운초등학교,36.412624,127.33711,2025-10-31,43740,25,대전광역시,대전BIS
DJB8002104,온마음병원,36.331535,127.31168,2025-10-31,40430,25,대전광역시,대전BIS
DJB8002105,온마음병원,36.331585,127.31187,2025-10-31,40440,25,대전광역시,대전BIS
DJB8002106,신선마을아파트,36.30006,127.33472,2025-10-31,33450,25,대전광역시,대전BIS
DJB8002107,신선마을아파트,36.301147,127.329605,2025-10-31,33370,25,대전광역시,대전BIS
DJB8002108,관저2동행정복지센터,36.299694,127.334946,2025-10-31,33460,25,대전광역시,대전BIS
DJB8002109,하나아파트,36.38464,127.3502,2025-10-31,43010,25,대전광역시,대전BIS
DJB8002110,신성동주민센터,36.388905,127.346725,2025-10-31,42980,25,대전광역시,대전BIS
DJB8002111,신성동주민센터,36.38917,127.34697,2025-10-31,42990,25,대전광역시,대전BIS
DJB8002114,신안동,36.33171,127.440285,2025-10-31,11400,25,대전광역시,대전BIS
DJB8002115,신안동,36.33159,127.440704,2025-10-31,11470,25,대전광역시,대전BIS
DJB8002118,도마삼거리,36.311165,127.376205,2025-10-31,30640,25,대전광역시,대전BIS
DJB8002119,도마삼거리,36.3117,127.37664,2025-10-31,30650,25,대전광역시,대전BIS
DJB8002120,시알들삼거리,36.433704,127.410126,2025-10-31,51980,25,대전광역시,대전BIS
DJB8002121,시알들삼거리,36.434303,127.41125,2025-10-31,51990,25,대전광역시,대전BIS
DJB8002122,신절골,36.365864,127.503334,2025-10-31,13160,25,대전광역시,대전BIS
DJB8002123,신절골,36.3657,127.50337,2025-10-31,13170,25,대전광역시,대전BIS
DJB8002124,신촌동,36.3722,127.51009,2025-10-31,13220,25,대전광역시,대전BIS
DJB8002125,신촌동,36.372463,127.50994,2025-10-31,13210,25,대전광역시,대전BIS
DJB8002127,신탄진고등학교,36.450073,127.43542,2025-10-31,52940,25,대전광역시,대전BIS
DJB8002128,신탄진고등학교,36.450535,127.43516,2025-10-31,52930,25,대전광역시,대전BIS
DJB8002129,신탄진과선교,36.44258,127.42957,2025-10-31,52820,25,대전광역시,대전BIS
DJB8002130,신탄진동행정복지센터,36.45146,127.430374,2025-10-31,52840,25,대전광역시,대전BIS
DJB8002131,신탄진시장,36.450222,127.42443,2025-10-31,51700,25,대전광역시,대전BIS
DJB8002132,신탄진시장,36.450474,127.42503,2025-10-31,51710,25,대전광역시,대전BIS
DJB8005162,새마을,36.33417,127.52775,2025-10-31,62260,25,대전광역시,대전BIS
DJB8005163,새마을,36.33455,127.52749,2025-10-31,62250,25,대전광역시,대전BIS
DJB8005164,새한주유소,36.195133,127.26633,2025-10-31,72070,25,대전광역시,대전BIS
DJB8005165,새한주유소,36.195244,127.266426,2025-10-31,72080,25,대전광역시,대전BIS
DJB8005166,선바위,36.25109,127.2665,2025-10-31,73450,25,대전광역시,대전BIS
DJB8005167,선바위,36.25133,127.26667,2025-10-31,73440,25,대전광역시,대전BIS
DJB8005170,수영1리,36.173374,127.39275,2025-10-31,74430,25,대전광역시,대전BIS
DJB8005171,수영1리,36.173527,127.39248,2025-10-31,74420,25,대전광역시,대전BIS
DJB8005172,수영2리,36.182007,127.385185,2025-10-31,74370,25,대전광역시,대전BIS
DJB8005173,수영2리,36.182182,127.38498,2025-10-31,74360,25,대전광역시,대전BIS
DJB8005174,수영3리,36.176964,127.39152,2025-10-31,74400,25,대전광역시,대전BIS
DJB8005175,수영3리,36.176952,127.39173,2025-10-31,74410,25,대전광역시,대전BIS
DJB8005176,양산교,36.20905,127.26785,2025-10-31,5176,25,대전광역시,대전BIS
DJB8005177,양산교,36.208824,127.267494,2025-10-31,5177,25,대전광역시,대전BIS
DJB8005178,신대,36.234447,127.37331,2025-10-31,74060,25,대전광역시,대전BIS
DJB8005179,신대1리,36.212894,127.37715,2025-10-31,74200,25,대전광역시,대전BIS
DJB8005180,신대1리,36.21294,127.37694,2025-10-31,74190,25,대전광역시,대전BIS
DJB8005181,신대2리,36.22846,127.37557,2025-10-31,74130,25,대전광역시,대전BIS
DJB8005182,신대2리,36.228436,127.37576,2025-10-31,74150,25,대전광역시,대전BIS
DJB8005183,신대3리,36.224586,127.37573,2025-10-31,74140,25,대전광역시,대전BIS
DJB8005184,신대3리,36.224792,127.37589,2025-10-31,74160,25,대전광역시,대전BIS
DJB8005185,신대초등학교,36.209026,127.37845,2025-10-31,74240,25,대전광역시,대전BIS
DJB8005186,신대초등학교,36.208855,127.37866,2025-10-31,74260,25,대전광역시,대전BIS
DJB8005187,평리,36.290775,127.2438,2025-10-31,73330,25,대전광역시,대전BIS
DJB8005188,계룡대쇼핑센터,36.296913,127.24573,2025-10-31,73720,25,대전광역시,대전BIS
DJB8005189,신양1리,36.215927,127.2888,2025-10-31,72210,25,대전광역시,대전BIS
DJB8005190,신양1리,36.216053,127.288864,2025-10-31,72220,25,대전광역시,대전BIS
DJB8005191,신양2리,36.215534,127.2862,2025-10-31,72200,25,대전광역시,대전BIS
DJB8005192,신양2리,36.21575,127.28675,2025-10-31,72190,25,대전광역시,대전BIS
DJB8005193,신양3리,36.21883,127.27901,2025-10-31,72170,25,대전광역시,대전BIS
DJB8005194,신양3리,36.218723,127.27895,2025-10-31,72180,25,대전광역시,대전BIS
DJB8005195,신양리,36.21904,127.29235,2025-10-31,72230,25,대전광역시,대전BIS
DJB8005196,신양리,36.21902,127.29255,2025-10-31,72240,25,대전광역시,대전BIS
DJB8005197,신촌리,36.473488,127.288086,2025-10-31,75210,25,대전광역시,대전BIS
DJB8005198,신촌리,36.47375,127.288345,2025-10-31,75220,25,대전광역시,대전BIS
DJB8005199,압재,36.234253,127.37331,2025-10-31,74050,25,대전광역시,대전BIS
DJB8005200,압재,36.238605,127.37178,2025-10-31,74030,25,대전광역시,대전BIS
DJB8005201,압재,36.238457,127.37207,2025-10-31,74040,25,대전광역시,대전BIS
DJB8005202,양정,36.281948,127.241356,2025-10-31,73280,25,대전광역시,대전BIS
DJB8005203,양정,36.282085,127.2409,2025-10-31,73300,25,대전광역시,대전BIS
DJB8005204,엄사네거리,36.288208,127.2422,2025-10-31,73310,25,대전광역시,대전BIS
DJB8005206,엄사리,36.287827,127.245186,2025-10-31,73340,25,대전광역시,대전BIS
DJB8005207,엄사입구,36.29027,127.24282,2025-10-31,73320,25,대전광역시,대전BIS
DJB8005209,용담1리(옹기마을),36.42654,127.28043,2025-10-31,34082,25,대전광역시,대전BIS
DJB8005210,용담1리(옹기마을),36.42669,127.28083,2025-10-31,34083,25,대전광역시,대전BIS
DJB8005211,와정.자괏,36.388306,127.538216,2025-10-31,62310,25,대전광역시,대전BIS
DJB8005212,와정.자괏,36.38838,127.5382,2025-10-31,62320,25,대전광역시,대전BIS
DJB8005213,왕대1구,36.26001,127.27866,2025-10-31,73610,25,대전광역시,대전BIS
DJB8005214,왕대1구,36.26014,127.27845,2025-10-31,73600,25,대전광역시,대전BIS
DJB8005217,왕대리,36.25441,127.273766,2025-10-31,73550,25,대전광역시,대전BIS
DJB8005218,왕대리,36.25432,127.273766,2025-10-31,73540,25,대전광역시,대전BIS
DJB8005219,용남고등학교,36.295017,127.24456,2025-10-31,73710,25,대전광역시,대전BIS
DJB8005220,용담리(32사 방면),36.4225,127.28444,2025-10-31,34085,25,대전광역시,대전BIS
DJB8005221,용담리,36.422718,127.28447,2025-10-31,34084,25,대전광역시,대전BIS
DJB8005222,운곡마을,36.191124,127.383575,2025-10-31,74350,25,대전광역시,대전BIS
DJB8005223,운곡마을,36.191143,127.383385,2025-10-31,74340,25,대전광역시,대전BIS
DJB8005224,계룡시민체육관,36.268032,127.23351,2025-10-31,73230,25,대전광역시,대전BIS
DJB8005225,계룡시민체육관,36.268,127.233154,2025-10-31,73220,25,대전광역시,대전BIS
DJB8005226,유동1리,36.275276,127.23631,2025-10-31,73230,25,대전광역시,대전BIS
DJB8005227,유동1리,36.275352,127.23607,2025-10-31,73220,25,대전광역시,대전BIS
DJB8005228,백석리,36.325527,127.54127,2025-10-31,62340,25,대전광역시,대전BIS
DJB8005229,군북면사무소,36.330406,127.53536,2025-10-31,62280,25,대전광역시,대전BIS
DJB8005230,군북면사무소,36.330135,127.535286,2025-10-31,62290,25,대전광역시,대전BIS
DJB8005231,세화주택,36.25273,127.26864,2025-10-31,73480,25,대전광역시,대전BIS
DJB8005232,세화주택,36.25266,127.26862,2025-10-31,73490,25,대전광역시,대전BIS
DJB8005234,자모리,36.33598,127.52182,2025-10-31,62230,25,대전광역시,대전BIS
DJB8005235,자모리,36.33614,127.52187,2025-10-31,62240,25,대전광역시,대전BIS
DJB8005236,박산리,36.477207,127.35461,2025-10-31,75470,25,대전광역시,대전BIS
DJB8005237,박산리,36.4773,127.35442,2025-10-31,75460,25,대전광역시,대전BIS
DJB8005238,장재리2,36.47869,127.30443,2025-10-31,75270,25,대전광역시,대전BIS
DJB8005239,장재리2,36.478756,127.30473,2025-10-31,75280,25,대전광역시,대전BIS
DJB8005240,장재리1,36.479977,127.31229,2025-10-31,75290,25,대전광역시,대전BIS
DJB8005241,장재리1,36.480076,127.312416,2025-10-31,75300,25,대전광역시,대전BIS
DJB3064147,대동초등학교,36.59559,127.29538,2025-10-31,11100,25,대전광역시,대전BIS
DJB3064435,새롬동.다정동,36.490395,127.256805,2025-10-31,51137,25,대전광역시,대전BIS
DJB3064436,새롬동.다정동,36.4903,127.25637,2025-10-31,51138,25,대전광역시,대전BIS
DJB3064449,서평리,36.59864,127.31297,2025-10-31,13009,25,대전광역시,대전BIS
DJB3064450,조치원역,36.60099,127.29713,2025-10-31,11071,25,대전광역시,대전BIS
DJB3064451,시목리,36.48982,127.41455,2025-10-31,37008,25,대전광역시,대전BIS
DJB3064452,시목1리,36.49058,127.41061,2025-10-31,37007,25,대전광역시,대전BIS
DJB3064453,동평3리,36.58647,127.31843,2025-10-31,13002,25,대전광역시,대전BIS
DJB3064454,서평리,36.59852,127.31318,2025-10-31,13008,25,대전광역시,대전BIS
DJB3064455,서평교,36.5919,127.31646,2025-10-31,3328,25,대전광역시,대전BIS
DJB3064456,조치원역,36.60133,127.29708,2025-10-31,11093,25,대전광역시,대전BIS
DJB3064457,부강면생활체육관,36.52667,127.37427,2025-10-31,33062,25,대전광역시,대전BIS
DJB3064458,예양2리,36.58097,127.31727,2025-10-31,32084,25,대전광역시,대전BIS
DJB3064460,서평1리,36.59558,127.3147,2025-10-31,13007,25,대전광역시,대전BIS
DJB3064461,조치원전통시장북측,36.60156,127.29963,2025-10-31,11099,25,대전광역시,대전BIS
DJB3064462,부강초등학교,36.52823,127.36714,2025-10-31,33040,25,대전광역시,대전BIS
DJB3064463,서평교,36.59201,127.31655,2025-10-31,3329,25,대전광역시,대전BIS
DJB3064464,부강초등학교,36.52783,127.36722,2025-10-31,33072,25,대전광역시,대전BIS
DJB3064465,연동면 복합커뮤니티센터,36.55508,127.32654,2025-10-31,32123,25,대전광역시,대전BIS
DJB3064467,서평1리,36.59553,127.31459,2025-10-31,70001,25,대전광역시,대전BIS
DJB3064468,시목1리,36.49045,127.41045,2025-10-31,37006,25,대전광역시,대전BIS
DJB3064469,부강2리,36.5295,127.36597,2025-10-31,33070,25,대전광역시,대전BIS
DJB3064470,시목리,36.4897,127.41432,2025-10-31,37009,25,대전광역시,대전BIS
DJB3064471,연동면 복합커뮤니티센터,36.55501,127.32682,2025-10-31,32124,25,대전광역시,대전BIS
DJB3064472,조치원전통시장북측,36.60143,127.30008,2025-10-31,64008,25,대전광역시,대전BIS
DJB3064473,조치원버스터미널,36.6027,127.30367,2025-10-31,11091,25,대전광역시,대전BIS
DJB3064474,복지회관,36.52697,127.36974,2025-10-31,33073,25,대전광역시,대전BIS
DJB3064475,중봉리,36.60364,127.30656,2025-10-31,13010,25,대전광역시,대전BIS
DJB3064476,부강2리,36.52934,127.36628,2025-10-31,33071,25,대전광역시,대전BIS
DJB3064477,복지회관,36.52719,127.36981,2025-10-31,33058,25,대전광역시,대전BIS
DJB3064478,동평3리,36.5868,127.31859,2025-10-31,13001,25,대전광역시,대전BIS
DJB3064513,한국농어촌공사,127.2822,36.4683,2025-10-31,64036,25,대전광역시,대전BIS
DJB3064514,한국농어촌공사,127.28234,36.46825,2025-10-31,64037,25,대전광역시,대전BIS
DJB3064527,조치원전통시장북측,36.601364,127.2997,2025-10-31,33091,25,대전광역시,대전BIS
DJB3355060,다솜동,36.531796,127.320274,2025-10-31,64011,25,대전광역시,대전BIS
DJB3355061,다솜동,36.531963,127.319824,2025-10-31,64012,25,대전광역시,대전BIS
DJB3355062,"법원.검찰청,경찰청",36.486843,127.30143,2025-10-31,57020,25,대전광역시,대전BIS
DJB3355063,국책연구단지,36.491325,127.304,2025-10-31,57021,25,대전광역시,대전BIS
DJB3355064,국책연구단지,36.492195,127.30433,2025-10-31,57025,25,대전광역시,대전BIS
DJB3355065,반곡동(수루배마을),36.497738,127.31228,2025-10-31,57023,25,대전광역시,대전BIS
DJB3355066,반곡동(수루배마을),36.497536,127.31096,2025-10-31,57024,25,대전광역시,대전BIS
DJB3355067,산학연클러스터,36.501717,127.32883,2025-10-31,57027,25,대전광역시,대전BIS
DJB3355068,산학연클러스터,36.50079,127.32833,2025-10-31,57028,25,대전광역시,대전BIS
DJB3355069,집현동,36.498135,127.322784,2025-10-31,57029,25,대전광역시,대전BIS
DJB3355070,집현동,36.497917,127.32198,2025-10-31,57030,25,대전광역시,대전BIS
DJB3355071,동면농협예양지소,36.56798,127.32163,2025-10-31,,25,대전광역시,대전BIS
DJB3355072,등곡리(쌍용양회),36.50204,127.38666,2025-10-31,,25,대전광역시,대전BIS
DJB3355073,등곡리(쌍용양회),36.50375,127.386,2025-10-31,,25,대전광역시,대전BIS
DJB3355074,동면농협예양지소,36.56811,127.3218,2025-10-31,,25,대전광역시,대전BIS
DJB3900004,번암안동네,36.58455,127.29253,2025-10-31,64056,25,대전광역시,대전BIS
DJB3900056,연기리,127.27761,36.552383,2025-10-31,64110,25,대전광역시,대전BIS
DJB3900057,연기리,127.27814,36.553185,2025-10-31,64111,25,대전광역시,대전BIS
DJB3900058,등곡삼거리,36.517994,127.37851,2025-10-31,33091,25,대전광역시,대전BIS
DJB3900059,등곡삼거리,36.517994,127.37851,2025-10-31,33092,25,대전광역시,대전BIS
DJB3900084,가득초등학교정문,36.48837,127.2442,2025-10-31,64138,25,대전광역시,대전BIS
DJB3900085,가득초등학교정문,36.48832,127.24377,2025-10-31,64139,25,대전광역시,대전BIS
DJB3900108,누리동기점지,127.29524,36.52902,2025-10-31,64162,25,대전광역시,대전BIS
DJB3900119,욱일아파트,36.60333,127.29235,2025-10-31,64173,25,대전광역시,대전BIS
DJB3900120,욱일아파트,36.60349,127.2922,2025-10-31,64174,25,대전광역시,대전BIS
DJB8001001,대덕우체국네거리,36.444008,127.40543,2025-10-31,51870,25,대전광역시,대전BIS
DJB8001002,대덕우체국네거리,36.444553,127.40511,2025-10-31,51900,25,대전광역시,대전BIS
DJB8001003,가는골,36.335037,127.48285,2025-10-31,12750,25,대전광역시,대전BIS
DJB8001004,가는골,36.33526,127.48288,2025-10-31,12740,25,대전광역시,대전BIS
DJB8001005,가람아파트,36.357365,127.39595,2025-10-31,32650,25,대전광역시,대전BIS
DJB8001006,가목정마을,36.210876,127.438705,2025-10-31,14000,25,대전광역시,대전BIS
DJB8001007,가목정마을,36.210796,127.43885,2025-10-31,14010,25,대전광역시,대전BIS
DJB8001008,가수원동,36.300232,127.35168,2025-10-31,33090,25,대전광역시,대전BIS
DJB8001009,가수원네거리,36.305706,127.35625,2025-10-31,33200,25,대전광역시,대전BIS
DJB8001011,가수원시장,36.304085,127.353516,2025-10-31,33120,25,대전광역시,대전BIS
DJB8001012,가수원시장,36.30414,127.353745,2025-10-31,33140,25,대전광역시,대전BIS
DJB8001013,가수원파출소,36.30679,127.35274,2025-10-31,34870,25,대전광역시,대전BIS
DJB8001014,가수원파출소,36.307655,127.35208,2025-10-31,33100,25,대전광역시,대전BIS
DJB8001017,가수원도서관,36.30203,127.35014,2025-10-31,33030,25,대전광역시,대전BIS
DJB8001018,가수원도서관,36.301926,127.34997,2025-10-31,33020,25,대전광역시,대전BIS
DJB8001019,가수원동,36.300083,127.35158,2025-10-31,33080,25,대전광역시,대전BIS
DJB8001024,린풀하우스,36.312096,127.35047,2025-10-31,33060,25,대전광역시,대전BIS
DJB8001025,도안베르디움,36.31296,127.34992,2025-10-31,33050,25,대전광역시,대전BIS
DJB8002133,신탄진역,36.449863,127.428955,2025-10-31,52790,25,대전광역시,대전BIS
DJB8002134,신탄진역,36.449253,127.42927,2025-10-31,52810,25,대전광역시,대전BIS
DJB8002135,금강로하스타워,36.448536,127.44346,2025-10-31,53000,25,대전광역시,대전BIS
DJB8002136,금강로하스타워,36.4489,127.44465,2025-10-31,52990,25,대전광역시,대전BIS
DJB8002137,신탄중앙중학교,36.441025,127.42425,2025-10-31,52100,25,대전광역시,대전BIS
DJB8002138,신탄중앙중학교,36.441338,127.424545,2025-10-31,52110,25,대전광역시,대전BIS
DJB8002139,신탄진한일병원,36.432716,127.42363,2025-10-31,52260,25,대전광역시,대전BIS
DJB8002140,신탄진한일병원,36.43331,127.4238,2025-10-31,52270,25,대전광역시,대전BIS
DJB8002141,하우스토리/신협연수원,36.35838,127.304085,2025-10-31,41740,25,대전광역시,대전BIS
DJB8002142,운암네오미아/신협연수원,36.3583,127.303566,2025-10-31,41750,25,대전광역시,대전BIS
DJB8002148,동부경찰서,36.32222,127.4407,2025-10-31,10150,25,대전광역시,대전BIS
DJB8002149,동부경찰서,36.322468,127.44054,2025-10-31,10140,25,대전광역시,대전BIS
DJB8002150,신흥동시외버스정류소,36.322495,127.44479,2025-10-31,10570,25,대전광역시,대전BIS
DJB8002151,신흥동시외버스정류소,36.322445,127.44515,2025-10-31,10580,25,대전광역시,대전BIS
DJB8002153,신흥역,36.31937,127.44914,2025-10-31,10630,25,대전광역시,대전BIS
DJB8002154,신흥역,36.31929,127.44983,2025-10-31,10640,25,대전광역시,대전BIS
DJB8002155,이스트시티아파트,36.328053,127.439354,2025-10-31,11380,25,대전광역시,대전BIS
DJB8002156,대전화병원,36.328274,127.439354,2025-10-31,11390,25,대전광역시,대전BIS
DJB8002157,아리랑프라자,36.34771,127.42996,2025-10-31,12150,25,대전광역시,대전BIS
DJB8002158,아리랑프라자,36.34827,127.429344,2025-10-31,12130,25,대전광역시,대전BIS
DJB8002159,아이빌딩,36.351406,127.38061,2025-10-31,32190,25,대전광역시,대전BIS
DJB8002160,안골네거리,36.33526,127.37249,2025-10-31,31620,25,대전광역시,대전BIS
DJB8002161,안골네거리,36.33581,127.372444,2025-10-31,31600,25,대전광역시,대전BIS
DJB8002163,안대별,36.28701,127.45505,2025-10-31,13480,25,대전광역시,대전BIS
DJB8002164,안대별,36.286953,127.45505,2025-10-31,13470,25,대전광역시,대전BIS
DJB8002168,안산도서관,36.368668,127.427536,2025-10-31,51110,25,대전광역시,대전BIS
DJB8002169,안산산성,36.412582,127.29774,2025-10-31,43760,25,대전광역시,대전BIS
DJB8002170,안산동,36.41467,127.2985,2025-10-31,43790,25,대전광역시,대전BIS
DJB8002171,안영생활체육단지,36.28519,127.376335,2025-10-31,22680,25,대전광역시,대전BIS
DJB8002172,안영생활체육단지,36.285152,127.37655,2025-10-31,22690,25,대전광역시,대전BIS
DJB8002173,안영동검바위마을,36.27322,127.3772,2025-10-31,22700,25,대전광역시,대전BIS
DJB8002174,안영동검바위마을,36.273804,127.37731,2025-10-31,22710,25,대전광역시,대전BIS
DJB8002176,알로에농장,36.26658,127.28543,2025-10-31,41020,25,대전광역시,대전BIS
DJB8002177,알로에농장,36.266914,127.28483,2025-10-31,41010,25,대전광역시,대전BIS
DJB8002178,야실,36.249527,127.33071,2025-10-31,34030,25,대전광역시,대전BIS
DJB8002179,야실,36.24961,127.33071,2025-10-31,34020,25,대전광역시,대전BIS
DJB8002180,장동약수터,36.404057,127.43052,2025-10-31,50880,25,대전광역시,대전BIS
DJB8002181,양새터골,36.30257,127.27226,2025-10-31,40700,25,대전광역시,대전BIS
DJB8002182,양새터골,36.302788,127.27215,2025-10-31,40690,25,대전광역시,대전BIS
DJB8002183,도안동예미지아파트,36.331974,127.34375,2025-10-31,35550,25,대전광역시,대전BIS
DJB8002184,어울림하트 12단지,36.332397,127.34395,2025-10-31,41900,25,대전광역시,대전BIS
DJB8002187,반석마을입구,36.39504,127.31281,2025-10-31,43940,25,대전광역시,대전BIS
DJB8002189,반석마을입구,36.395317,127.31203,2025-10-31,43920,25,대전광역시,대전BIS
DJB8002192,어곡교,36.224056,127.302895,2025-10-31,34340,25,대전광역시,대전BIS
DJB8002193,어곡교,36.22405,127.30306,2025-10-31,34350,25,대전광역시,대전BIS
DJB8002194,어남동,36.21299,127.41244,2025-10-31,23010,25,대전광역시,대전BIS
DJB8002197,증터,36.22241,127.416504,2025-10-31,23030,25,대전광역시,대전BIS
DJB8002198,증터,36.22247,127.41655,2025-10-31,23040,25,대전광역시,대전BIS
DJB8002199,어남동,36.212914,127.41247,2025-10-31,23020,25,대전광역시,대전BIS
DJB8002200,어덕마을종점,36.33308,127.40213,2025-10-31,21150,25,대전광역시,대전BIS
DJB8002201,신상동,36.3438,127.50134,2025-10-31,13090,25,대전광역시,대전BIS
DJB8002202,신세계백화점,36.376846,127.37933,2025-10-31,43220,25,대전광역시,대전BIS
DJB8002203,국립중앙과학관입구,36.376724,127.379036,2025-10-31,43210,25,대전광역시,대전BIS
DJB8002204,대전컨벤션센터,36.374107,127.38883,2025-10-31,43270,25,대전광역시,대전BIS
DJB8002206,신세계백화점,36.374214,127.38232,2025-10-31,43240,25,대전광역시,대전BIS
DJB8002207,문지초등학교입구,36.396286,127.404785,2025-10-31,44060,25,대전광역시,대전BIS
DJB8002208,엑스포아파트,36.39646,127.405,2025-10-31,44240,25,대전광역시,대전BIS
DJB8002209,연축아파트/한국수자원공사,36.39603,127.42271,2025-10-31,50760,25,대전광역시,대전BIS
DJB8002210,열매마을5.6단지,36.37603,127.31961,2025-10-31,42400,25,대전광역시,대전BIS
DJB8002211,열매마을5.6단지,36.37586,127.31961,2025-10-31,42410,25,대전광역시,대전BIS
DJB8002212,방동3통,36.272034,127.29092,2025-10-31,41050,25,대전광역시,대전BIS
DJB8002213,엉고개,36.2761,127.2935,2025-10-31,41070,25,대전광역시,대전BIS
DJB8002214,영골,36.231056,127.31157,2025-10-31,34280,25,대전광역시,대전BIS
DJB8002215,영골,36.231174,127.31151,2025-10-31,34270,25,대전광역시,대전BIS
DJB8002217,영진로얄아파트,36.36124,127.42114,2025-10-31,51270,25,대전광역시,대전BIS
DJB8002218,영진로얄아파트,36.36183,127.42163,2025-10-31,51290,25,대전광역시,대전BIS
DJB8002219,영진아파트,36.37438,127.42733,2025-10-31,51100,25,대전광역시,대전BIS
DJB8005242,길재고개,36.480858,127.31672,2025-10-31,75310,25,대전광역시,대전BIS
DJB8005243,길재고개,36.48094,127.316826,2025-10-31,75320,25,대전광역시,대전BIS
DJB8005245,신계룡변전소,36.274208,127.26248,2025-10-31,73430,25,대전광역시,대전BIS
DJB8005246,조동1리,36.222454,127.295364,2025-10-31,72250,25,대전광역시,대전BIS
DJB8005247,조령리입구,36.221943,127.27816,2025-10-31,72150,25,대전광역시,대전BIS
DJB8005248,조령리입구,36.221733,127.27806,2025-10-31,72160,25,대전광역시,대전BIS
DJB8005249,중부대입구,36.1941,127.45693,2025-10-31,74510,25,대전광역시,대전BIS
DJB8005250,중부대입구,36.193577,127.45555,2025-10-31,74500,25,대전광역시,대전BIS
DJB8005252,중부대학교,36.192757,127.452065,2025-10-31,74490,25,대전광역시,대전BIS
DJB8005253,증약,36.336967,127.514786,2025-10-31,62220,25,대전광역시,대전BIS
DJB8005254,증약,36.3371,127.51414,2025-10-31,62210,25,대전광역시,대전BIS
DJB8005255,지량1리,36.247307,127.37038,2025-10-31,74010,25,대전광역시,대전BIS
DJB8005256,지량1리,36.24741,127.37054,2025-10-31,74020,25,대전광역시,대전BIS
DJB8005257,지량리,36.25709,127.37362,2025-10-31,74070,25,대전광역시,대전BIS
DJB8005258,지량리,36.257046,127.37407,2025-10-31,74080,25,대전광역시,대전BIS
DJB8005261,진산면사무소,36.144054,127.37022,2025-10-31,74630,25,대전광역시,대전BIS
DJB8005262,진산면사무소,36.143883,127.37033,2025-10-31,74640,25,대전광역시,대전BIS
DJB8005263,진산,36.142113,127.36719,2025-10-31,74650,25,대전광역시,대전BIS
DJB8005264,천마사,36.28056,127.24723,2025-10-31,73010,25,대전광역시,대전BIS
DJB8005265,초정약수터,36.47948,127.335335,2025-10-31,75390,25,대전광역시,대전BIS
DJB8005266,초정약수터,36.47933,127.33582,2025-10-31,75400,25,대전광역시,대전BIS
DJB8005267,하대실,36.256706,127.256004,2025-10-31,73370,25,대전광역시,대전BIS
DJB8005268,하대실,36.256847,127.255974,2025-10-31,73380,25,대전광역시,대전BIS
DJB8005269,학봉리,36.360397,127.24934,2025-10-31,71050,25,대전광역시,대전BIS
DJB8005270,학봉삼거리,36.361843,127.25234,2025-10-31,71060,25,대전광역시,대전BIS
DJB8005271,학봉리,36.360218,127.24899,2025-10-31,71040,25,대전광역시,대전BIS
DJB8005272,학봉삼거리,36.36224,127.252525,2025-10-31,71070,25,대전광역시,대전BIS
DJB8005273,한마음아파트,36.268833,127.376236,2025-10-31,74170,25,대전광역시,대전BIS
DJB8005274,한마음아파트,36.26875,127.376396,2025-10-31,74180,25,대전광역시,대전BIS
DJB8005275,한삼천2리,36.199883,127.26408,2025-10-31,72040,25,대전광역시,대전BIS
DJB8005276,한삼천2리,36.199917,127.263985,2025-10-31,72030,25,대전광역시,대전BIS
DJB8005277,한삼천교,36.197002,127.26341,2025-10-31,72010,25,대전광역시,대전BIS
DJB8005278,한삼천교,36.1971,127.26356,2025-10-31,72020,25,대전광역시,대전BIS
DJB8005279,한저골,36.391167,127.54429,2025-10-31,62370,25,대전광역시,대전BIS
DJB8005280,한저골,36.391247,127.54429,2025-10-31,62360,25,대전광역시,대전BIS
DJB8005281,합판리,36.263,127.228355,2025-10-31,73200,25,대전광역시,대전BIS
DJB8005282,합판리,36.26287,127.22818,2025-10-31,73210,25,대전광역시,대전BIS
DJB8005283,항곡리종점,36.37418,127.53457,2025-10-31,62270,25,대전광역시,대전BIS
DJB8005285,호탄리,36.476315,127.29656,2025-10-31,75230,25,대전광역시,대전BIS
DJB8005286,호탄리,36.476337,127.29637,2025-10-31,75240,25,대전광역시,대전BIS
DJB8005287,황룡1교,36.479786,127.321045,2025-10-31,75330,25,대전광역시,대전BIS
DJB8005288,황룡1교,36.479687,127.321,2025-10-31,75340,25,대전광역시,대전BIS
DJB8005289,황용삼성복지회관,36.480354,127.33055,2025-10-31,75370,25,대전광역시,대전BIS
DJB8005290,황용삼성복지회관,36.480175,127.33019,2025-10-31,75380,25,대전광역시,대전BIS
DJB8005500,장재1리,36.479748,127.30819,2025-10-31,51027,25,대전광역시,대전BIS
DJB8005503,신탄진기점지,36.45155,127.41751,2025-10-31,51650,25,대전광역시,대전BIS
DJB8005504,대전역동광장,36.33353,127.43734,2025-10-31,11410,25,대전광역시,대전BIS
DJB8005505,대덕밸리용신교,36.425415,127.40135,2025-10-31,44450,25,대전광역시,대전BIS
DJB8005506,대덕밸리용신교,36.425495,127.40122,2025-10-31,44440,25,대전광역시,대전BIS
DJB8005507,수변공원,36.425766,127.39311,2025-10-31,44680,25,대전광역시,대전BIS
DJB8005508,수변공원,36.425644,127.39289,2025-10-31,44670,25,대전광역시,대전BIS
DJB8005509,장고개삼거리,36.430874,127.40636,2025-10-31,51910,25,대전광역시,대전BIS
DJB8005510,장고개삼거리,36.43131,127.40724,2025-10-31,51920,25,대전광역시,대전BIS
DJB8005511,테크노밸리11.12단지,36.417664,127.39526,2025-10-31,44420,25,대전광역시,대전BIS
DJB8005512,"푸르지오하임1,2단지",36.41755,127.39538,2025-10-31,44430,25,대전광역시,대전BIS
DJB8005513,도암리입구,36.447105,127.2861,2025-10-31,34039,25,대전광역시,대전BIS
DJB8005516,충남대학교,36.360374,127.34432,2025-10-31,42610,25,대전광역시,대전BIS
DJB8005517,갈마역,36.35751,127.37318,2025-10-31,31920,25,대전광역시,대전BIS
DJB8005518,갈마역,36.357872,127.372314,2025-10-31,32870,25,대전광역시,대전BIS
DJB8005519,갑천역,36.3551,127.355064,2025-10-31,32700,25,대전광역시,대전BIS
DJB8005520,갑천역,36.35448,127.35472,2025-10-31,32710,25,대전광역시,대전BIS
DJB8005521,계룡대제1정문,36.308487,127.23644,2025-10-31,73650,25,대전광역시,대전BIS
DJB8005522,계룡대제1정문,36.308666,127.23659,2025-10-31,73660,25,대전광역시,대전BIS
DJB8005523,계룡대제2문,36.299973,127.237015,2025-10-31,73640,25,대전광역시,대전BIS
DJB8005524,계룡대CC.괴목정,36.324028,127.24539,2025-10-31,73760,25,대전광역시,대전BIS
DJB8005525,계룡대CC.괴목정,36.3234,127.24538,2025-10-31,73750,25,대전광역시,대전BIS
DJB8005526,과례마을,36.311428,127.410805,2025-10-31,22160,25,대전광역시,대전BIS
DJB8005527,남대전종합물류단지,36.272915,127.47184,2025-10-31,13780,25,대전광역시,대전BIS
DJB8005528,남대전종합물류단지,36.272728,127.47134,2025-10-31,13790,25,대전광역시,대전BIS
DJB8001026,가수원역,36.2986,127.35589,2025-10-31,33180,25,대전광역시,대전BIS
DJB8001027,가수원역,36.299187,127.35597,2025-10-31,33190,25,대전광역시,대전BIS
DJB8001028,가수원육교.가수원시장,36.30469,127.350845,2025-10-31,33040,25,대전광역시,대전BIS
DJB8001029,가수원육교.가수원시장,36.30447,127.35135,2025-10-31,33070,25,대전광역시,대전BIS
DJB8001030,가수원중학교,36.298244,127.353745,2025-10-31,33130,25,대전광역시,대전BIS
DJB8001031,가수원중학교,36.298344,127.35392,2025-10-31,33150,25,대전광역시,대전BIS
DJB8001032,길치근린공원,36.356636,127.45445,2025-10-31,51640,25,대전광역시,대전BIS
DJB8001033,길치근린공원,36.357056,127.453514,2025-10-31,51620,25,대전광역시,대전BIS
DJB8001034,가양네거리,36.34603,127.44739,2025-10-31,11580,25,대전광역시,대전BIS
DJB8001035,가양네거리,36.346535,127.444756,2025-10-31,11540,25,대전광역시,대전BIS
DJB8001036,가양네거리,36.34641,127.445335,2025-10-31,11550,25,대전광역시,대전BIS
DJB8001037,흥룡초등학교,36.34435,127.44649,2025-10-31,11560,25,대전광역시,대전BIS
DJB8001038,석촌마을아파트,36.34193,127.43802,2025-10-31,12020,25,대전광역시,대전BIS
DJB8001039,가양중학교입구,36.352158,127.443,2025-10-31,51010,25,대전광역시,대전BIS
DJB8001040,가양동우체국,36.346153,127.44707,2025-10-31,11570,25,대전광역시,대전BIS
DJB8001041,동구청,36.311527,127.45552,2025-10-31,10380,25,대전광역시,대전BIS
DJB8001042,동구청,36.31034,127.45545,2025-10-31,10390,25,대전광역시,대전BIS
DJB8001043,가오동,36.308,127.45078,2025-10-31,10310,25,대전광역시,대전BIS
DJB8001044,가오동,36.308857,127.450066,2025-10-31,10300,25,대전광역시,대전BIS
DJB8001045,가오동,36.308155,127.44981,2025-10-31,10290,25,대전광역시,대전BIS
DJB8001046,남대전변전소,36.303745,127.454315,2025-10-31,10350,25,대전광역시,대전BIS
DJB8001047,가오주공아파트,36.30534,127.45268,2025-10-31,10330,25,대전광역시,대전BIS
DJB8001048,가오주공아파트,36.30562,127.45257,2025-10-31,10320,25,대전광역시,대전BIS
DJB8001049,가장교,36.328773,127.387726,2025-10-31,31540,25,대전광역시,대전BIS
DJB8001050,가장교,36.32862,127.38745,2025-10-31,31530,25,대전광역시,대전BIS
DJB8001051,가장네거리,36.330746,127.38534,2025-10-31,31500,25,대전광역시,대전BIS
DJB8001052,가장네거리,36.330547,127.38509,2025-10-31,31480,25,대전광역시,대전BIS
DJB8001053,갈마네거리,36.353092,127.36841,2025-10-31,31800,25,대전광역시,대전BIS
DJB8001054,갈마네거리,36.353497,127.36766,2025-10-31,31750,25,대전광역시,대전BIS
DJB8001055,갈마2동주민센터/충청투데이,36.345707,127.37466,2025-10-31,31950,25,대전광역시,대전BIS
DJB8001056,갈마네거리,36.353638,127.36853,2025-10-31,31770,25,대전광역시,대전BIS
DJB8001057,갈마도서관,36.34145,127.366425,2025-10-31,31730,25,대전광역시,대전BIS
DJB8001058,갈마삼거리,36.350174,127.369064,2025-10-31,31830,25,대전광역시,대전BIS
DJB8001059,갈마아파트3단지,36.342495,127.37112,2025-10-31,31880,25,대전광역시,대전BIS
DJB8001060,갈마아파트2단지,36.342327,127.36717,2025-10-31,31740,25,대전광역시,대전BIS
DJB8001061,갈마역,36.356583,127.37412,2025-10-31,31940,25,대전광역시,대전BIS
DJB8001062,갈마육교,36.351414,127.37198,2025-10-31,31910,25,대전광역시,대전BIS
DJB8001063,갈마육교,36.351265,127.37132,2025-10-31,31900,25,대전광역시,대전BIS
DJB8001064,갈마초등학교,36.35438,127.36934,2025-10-31,31860,25,대전광역시,대전BIS
DJB8001065,갈마초등학교,36.35462,127.36907,2025-10-31,31820,25,대전광역시,대전BIS
DJB8001066,갈전동,36.427624,127.465836,2025-10-31,52610,25,대전광역시,대전BIS
DJB8001067,갈전동,36.42773,127.465805,2025-10-31,52600,25,대전광역시,대전BIS
DJB8001068,감골,36.304787,127.27153,2025-10-31,40660,25,대전광역시,대전BIS
DJB8001069,감골,36.304764,127.271416,2025-10-31,40650,25,대전광역시,대전BIS
DJB8001070,갑동,36.3606,127.28879,2025-10-31,42180,25,대전광역시,대전BIS
DJB8001071,갑동,36.36042,127.28859,2025-10-31,42170,25,대전광역시,대전BIS
DJB8001073,강변아파트,36.36743,127.37552,2025-10-31,34680,25,대전광역시,대전BIS
DJB8001074,개나리아파트,36.34336,127.38314,2025-10-31,31050,25,대전광역시,대전BIS
DJB8001075,국민연금서대전지사,36.34592,127.38198,2025-10-31,31030,25,대전광역시,대전BIS
DJB8001076,갤러리아타임월드,36.351604,127.376976,2025-10-31,32050,25,대전광역시,대전BIS
DJB8001077,갤러리아타임월드,36.351944,127.376976,2025-10-31,32040,25,대전광역시,대전BIS
DJB8001078,갤러리아타임월드,36.35272,127.37907,2025-10-31,32120,25,대전광역시,대전BIS
DJB8001079,건양대병원,36.30686,127.34085,2025-10-31,32990,25,대전광역시,대전BIS
DJB8001080,건양대병원네거리,36.30139,127.34061,2025-10-31,33590,25,대전광역시,대전BIS
DJB8001081,건양대병원네거리,36.30292,127.34336,2025-10-31,33630,25,대전광역시,대전BIS
DJB8001082,건양대병원네거리,36.30295,127.34154,2025-10-31,33620,25,대전광역시,대전BIS
DJB8001083,건양대병원네거리,36.30251,127.33986,2025-10-31,33560,25,대전광역시,대전BIS
DJB8001084,경남아파트,36.32058,127.37065,2025-10-31,30450,25,대전광역시,대전BIS
DJB8001085,한남로삼거리,36.351215,127.42663,2025-10-31,12110,25,대전광역시,대전BIS
DJB8001086,한남로삼거리,36.35128,127.427414,2025-10-31,12120,25,대전광역시,대전BIS
DJB8001087,홍도지하보도,36.34765,127.422035,2025-10-31,12060,25,대전광역시,대전BIS
DJB8001089,큰마을아파트,36.347305,127.37599,2025-10-31,31960,25,대전광역시,대전BIS
DJB8001090,계룡디지텍고입구,36.33935,127.433395,2025-10-31,12340,25,대전광역시,대전BIS
DJB8001091,큰마을네거리,36.349167,127.37617,2025-10-31,32030,25,대전광역시,대전BIS
DJB8001092,계산동,36.32584,127.31161,2025-10-31,40500,25,대전광역시,대전BIS
DJB8002220,예지중고등학교,36.340076,127.387505,2025-10-31,31440,25,대전광역시,대전BIS
DJB8002221,오동,36.230793,127.30842,2025-10-31,34250,25,대전광역시,대전BIS
DJB8002222,오동,36.230984,127.30901,2025-10-31,34260,25,대전광역시,대전BIS
DJB8002225,오동,36.41605,127.533936,2025-10-31,13320,25,대전광역시,대전BIS
DJB8002226,오동,36.416,127.53332,2025-10-31,13310,25,대전광역시,대전BIS
DJB8002227,오룡역1번출구,36.32742,127.40632,2025-10-31,21370,25,대전광역시,대전BIS
DJB8002228,오룡역3번출구,36.328373,127.403854,2025-10-31,21300,25,대전광역시,대전BIS
DJB8002229,오룡역4번출구,36.32908,127.40408,2025-10-31,21330,25,대전광역시,대전BIS
DJB8002230,오룡역5번출구,36.32997,127.40366,2025-10-31,21160,25,대전광역시,대전BIS
DJB8002231,오룡역7번출구,36.328983,127.40702,2025-10-31,21180,25,대전광역시,대전BIS
DJB8002232,오리골,36.349285,127.48779,2025-10-31,13060,25,대전광역시,대전BIS
DJB8002233,오정네거리,36.357494,127.41544,2025-10-31,50180,25,대전광역시,대전BIS
DJB8002234,오정네거리,36.35789,127.41512,2025-10-31,50150,25,대전광역시,대전BIS
DJB8002235,오정농수산물시장,36.357296,127.407845,2025-10-31,50040,25,대전광역시,대전BIS
DJB8002236,오정농수산물시장,36.35765,127.407646,2025-10-31,50030,25,대전광역시,대전BIS
DJB8002237,오정농수산물시장,36.358192,127.40954,2025-10-31,50060,25,대전광역시,대전BIS
DJB8002238,오정동,36.35436,127.41735,2025-10-31,50250,25,대전광역시,대전BIS
DJB8002240,한남오거리,36.349167,127.416954,2025-10-31,50230,25,대전광역시,대전BIS
DJB8002241,한남오거리,36.34927,127.41724,2025-10-31,50240,25,대전광역시,대전BIS
DJB8002242,한남오거리,36.349316,127.415985,2025-10-31,50190,25,대전광역시,대전BIS
DJB8002243,한남오거리,36.349655,127.41556,2025-10-31,50170,25,대전광역시,대전BIS
DJB8002244,오정우체국,36.354553,127.414955,2025-10-31,50140,25,대전광역시,대전BIS
DJB8002245,오정우체국,36.354675,127.4153,2025-10-31,50160,25,대전광역시,대전BIS
DJB8002249,오정육교,36.35749,127.416504,2025-10-31,50210,25,대전광역시,대전BIS
DJB8002250,오정육교,36.357986,127.41659,2025-10-31,50200,25,대전광역시,대전BIS
DJB8002251,오토바이거리,36.321606,127.43011,2025-10-31,20800,25,대전광역시,대전BIS
DJB8002252,오토바이거리,36.322025,127.42954,2025-10-31,20790,25,대전광역시,대전BIS
DJB8002253,옥계교,36.297256,127.455696,2025-10-31,20990,25,대전광역시,대전BIS
DJB8002254,옥계동,36.29909,127.454544,2025-10-31,20980,25,대전광역시,대전BIS
DJB8002255,옥계동,36.298992,127.4542,2025-10-31,20970,25,대전광역시,대전BIS
DJB8002258,와동초등학교,36.396065,127.42241,2025-10-31,50790,25,대전광역시,대전BIS
DJB8002259,와동현대아파트,36.400826,127.42295,2025-10-31,50810,25,대전광역시,대전BIS
DJB8002260,외삼1통,36.398483,127.31013,2025-10-31,43830,25,대전광역시,대전BIS
DJB8002264,외삼삼거리,36.39941,127.31029,2025-10-31,43840,25,대전광역시,대전BIS
DJB8002265,요골,36.356995,127.49961,2025-10-31,13130,25,대전광역시,대전BIS
DJB8002266,요골,36.3569,127.4994,2025-10-31,13120,25,대전광역시,대전BIS
DJB8002267,용계2통,36.32693,127.32988,2025-10-31,40400,25,대전광역시,대전BIS
DJB8002268,용계2통,36.326942,127.32982,2025-10-31,40390,25,대전광역시,대전BIS
DJB8002269,용계동,36.33154,127.33016,2025-10-31,41760,25,대전광역시,대전BIS
DJB8002270,용계동,36.331398,127.33028,2025-10-31,41770,25,대전광역시,대전BIS
DJB8002271,용계동접수마을,36.329334,127.33091,2025-10-31,40420,25,대전광역시,대전BIS
DJB8002272,용계동접수마을,36.32932,127.33084,2025-10-31,40410,25,대전광역시,대전BIS
DJB8002274,용두동주민센터,36.325027,127.41076,2025-10-31,21210,25,대전광역시,대전BIS
DJB8002275,용머리,36.316544,127.31473,2025-10-31,40280,25,대전광역시,대전BIS
DJB8002276,용문역3번출구,36.337902,127.392494,2025-10-31,30950,25,대전광역시,대전BIS
DJB8002277,용문역7번출구,36.339497,127.395065,2025-10-31,30990,25,대전광역시,대전BIS
DJB8002278,용문역1번출구,36.337086,127.39442,2025-10-31,30970,25,대전광역시,대전BIS
DJB8002279,용문역5번출구,36.339157,127.39248,2025-10-31,31160,25,대전광역시,대전BIS
DJB8002280,용문역8번출구,36.33757,127.39443,2025-10-31,30980,25,대전광역시,대전BIS
DJB8002283,용바위,36.231873,127.346306,2025-10-31,34110,25,대전광역시,대전BIS
DJB8002284,용바위,36.232365,127.346565,2025-10-31,34120,25,대전광역시,대전BIS
DJB8002285,용태울,36.23547,127.34233,2025-10-31,34060,25,대전광역시,대전BIS
DJB8002286,용방마을아파트,36.326893,127.4507,2025-10-31,10890,25,대전광역시,대전BIS
DJB8002287,용운종합사회복지관,36.327587,127.45379,2025-10-31,10940,25,대전광역시,대전BIS
DJB8002289,용방마을아파트,36.327393,127.45037,2025-10-31,10900,25,대전광역시,대전BIS
DJB8002290,대동초등학교,36.325996,127.447266,2025-10-31,11260,25,대전광역시,대전BIS
DJB8002295,한밭여중입구,36.32737,127.44761,2025-10-31,10880,25,대전광역시,대전BIS
DJB8002296,용운동주민센터,36.327988,127.46078,2025-10-31,11020,25,대전광역시,대전BIS
DJB8002297,용운국제수영장,36.324547,127.46535,2025-10-31,11120,25,대전광역시,대전BIS
DJB8002298,용운국제수영장,36.324577,127.46516,2025-10-31,11110,25,대전광역시,대전BIS
DJB8002299,용운초등학교,36.32687,127.4616,2025-10-31,11040,25,대전광역시,대전BIS
DJB8002301,용운동주민센터,36.32833,127.461784,2025-10-31,11050,25,대전광역시,대전BIS
DJB8002304,용운마젤란아파트,36.338184,127.457634,2025-10-31,10980,25,대전광역시,대전BIS
DJB8002305,용운마젤란아파트,36.337708,127.45729,2025-10-31,10950,25,대전광역시,대전BIS
DJB8002307,용운주공2단지,36.32833,127.453545,2025-10-31,10920,25,대전광역시,대전BIS
DJB8002308,에코포레아파트,36.3304,127.463135,2025-10-31,11090,25,대전광역시,대전BIS
DJB8002309,효촌마을아파트,36.346275,127.43249,2025-10-31,11940,25,대전광역시,대전BIS
DJB8005529,구완동,36.279316,127.424515,2025-10-31,22780,25,대전광역시,대전BIS
DJB8005530,국립과학수사연구원,36.407368,127.38314,2025-10-31,43570,25,대전광역시,대전BIS
DJB8005531,국립과학수사연구원,36.406384,127.38499,2025-10-31,43580,25,대전광역시,대전BIS
DJB8005532,진잠네거리,36.298046,127.3251,2025-10-31,33310,25,대전광역시,대전BIS
DJB8005534,기성중학교,36.25011,127.34206,2025-10-31,33750,25,대전광역시,대전BIS
DJB8005535,바이오니아,36.430355,127.39554,2025-10-31,44690,25,대전광역시,대전BIS
DJB8005537,신도안면사무소,36.299946,127.24152,2025-10-31,73690,25,대전광역시,대전BIS
DJB8005538,낭월공영차고지,36.270203,127.47669,2025-10-31,13820,25,대전광역시,대전BIS
DJB8005539,대동2통,36.48357,127.39722,2025-10-31,45050,25,대전광역시,대전BIS
DJB8005542,대덕밸리용신교,36.425552,127.402054,2025-10-31,44460,25,대전광역시,대전BIS
DJB8005543,대덕밸리용신교,36.425636,127.40244,2025-10-31,44470,25,대전광역시,대전BIS
DJB8005544,동건운수,36.43124,127.408905,2025-10-31,51970,25,대전광역시,대전BIS
DJB8005545,동건운수,36.430523,127.409164,2025-10-31,51960,25,대전광역시,대전BIS
DJB8005548,대전역동광장,36.33362,127.43908,2025-10-31,11430,25,대전광역시,대전BIS
DJB8005551,미건테크노월드,36.422634,127.40646,2025-10-31,44350,25,대전광역시,대전BIS
DJB8005552,미건테크노월드,36.422806,127.406654,2025-10-31,44340,25,대전광역시,대전BIS
DJB8005553,반석고등학교,36.3887,127.312546,2025-10-31,42300,25,대전광역시,대전BIS
DJB8005554,반석고등학교,36.38806,127.31297,2025-10-31,42310,25,대전광역시,대전BIS
DJB8005558,샤크존,36.347412,127.38672,2025-10-31,31130,25,대전광역시,대전BIS
DJB8005559,샤크존,36.3481,127.386375,2025-10-31,31110,25,대전광역시,대전BIS
DJB8005560,세정골,36.332264,127.49243,2025-10-31,13030,25,대전광역시,대전BIS
DJB8005561,센트럴파크1단지,36.3169,127.407295,2025-10-31,22080,25,대전광역시,대전BIS
DJB8005562,센트럴파크1단지,36.316402,127.40724,2025-10-31,22070,25,대전광역시,대전BIS
DJB8005563,스마트시티5단지,36.376144,127.39364,2025-10-31,43310,25,대전광역시,대전BIS
DJB8005566,신도안아파트,36.29786,127.24474,2025-10-31,73730,25,대전광역시,대전BIS
DJB8005569,어덕마을종점,36.33303,127.401726,2025-10-31,21140,25,대전광역시,대전BIS
DJB8005570,외삼중학교,36.39425,127.31105,2025-10-31,43910,25,대전광역시,대전BIS
DJB8005571,외삼중학교,36.39399,127.31086,2025-10-31,43900,25,대전광역시,대전BIS
DJB8005572,용남고등학교,36.294846,127.24455,2025-10-31,73740,25,대전광역시,대전BIS
DJB8005573,유성시장,36.357235,127.33475,2025-10-31,42040,25,대전광역시,대전BIS
DJB8005574,유성시장,36.35735,127.33444,2025-10-31,42060,25,대전광역시,대전BIS
DJB8005575,유성여고,36.3808,127.32702,2025-10-31,42510,25,대전광역시,대전BIS
DJB8005576,유성여고,36.38087,127.327065,2025-10-31,42520,25,대전광역시,대전BIS
DJB8005580,은어송마을2단지,36.303528,127.45739,2025-10-31,10450,25,대전광역시,대전BIS
DJB8005581,을지대학병원,36.35472,127.3828,2025-10-31,34770,25,대전광역시,대전BIS
DJB8005583,정부청사광장,36.359127,127.38284,2025-10-31,32290,25,대전광역시,대전BIS
DJB8005584,진잠초등학교,36.300694,127.3153,2025-10-31,45460,25,대전광역시,대전BIS
DJB8005585,초록마을5단지,36.298176,127.375946,2025-10-31,30090,25,대전광역시,대전BIS
DJB8005586,대전동부교육지원청,36.314106,127.41113,2025-10-31,22180,25,대전광역시,대전BIS
DJB8005587,충남대도서관,36.36881,127.34573,2025-10-31,42660,25,대전광역시,대전BIS
DJB8005588,충남대도서관,36.369488,127.34661,2025-10-31,42670,25,대전광역시,대전BIS
DJB8005589,충남대산학연,36.36524,127.345184,2025-10-31,42630,25,대전광역시,대전BIS
DJB8005590,충남대산학연,36.36533,127.34543,2025-10-31,42640,25,대전광역시,대전BIS
DJB8005592,을미기네거리,36.440933,127.40892,2025-10-31,51940,25,대전광역시,대전BIS
DJB8005593,탄방역1번출구,36.34527,127.38429,2025-10-31,31060,25,대전광역시,대전BIS
DJB8005594,탄방역종점,36.34534,127.38504,2025-10-31,31080,25,대전광역시,대전BIS
DJB8005597,평촌2통아래뜸,36.237865,127.31247,2025-10-31,33870,25,대전광역시,대전BIS
DJB8005598,평촌2통마을회관,36.239426,127.31553,2025-10-31,33900,25,대전광역시,대전BIS
DJB8005599,한남대대덕캠퍼스,36.4007,127.39162,2025-10-31,44080,25,대전광역시,대전BIS
DJB8005600,한남대대덕캠퍼스,36.400333,127.391846,2025-10-31,44090,25,대전광역시,대전BIS
DJB8005601,한신에스메카,36.428604,127.39147,2025-10-31,44630,25,대전광역시,대전BIS
DJB8005602,한신에스메카,36.428017,127.3914,2025-10-31,44650,25,대전광역시,대전BIS
DJB8005603,계룡대아파트,36.296318,127.24621,2025-10-31,73780,25,대전광역시,대전BIS
DJB8005608,웅진에너지,36.433357,127.390854,2025-10-31,44620,25,대전광역시,대전BIS
DJB8005609,웅진에너지,36.43322,127.390335,2025-10-31,44610,25,대전광역시,대전BIS
DJB8005611,은어송마을2단지,36.30254,127.45944,2025-10-31,10460,25,대전광역시,대전BIS
DJB8005613,상서동,36.427597,127.42271,2025-10-31,53030,25,대전광역시,대전BIS
DJB8005614,등골,36.26799,127.3521,2025-10-31,33850,25,대전광역시,대전BIS
DJB8005616,달수정,36.429283,127.429184,2025-10-31,53010,25,대전광역시,대전BIS
DJB8005619,송림마을5.6단지,36.391037,127.32985,2025-10-31,43640,25,대전광역시,대전BIS
DJB8005621,대전역동광장종점,36.332615,127.43771,2025-10-31,11420,25,대전광역시,대전BIS
DJB8005622,비야리,36.357796,127.52601,2025-10-31,62400,25,대전광역시,대전BIS
DJB8005625,무수동입구,36.27715,127.40226,2025-10-31,23540,25,대전광역시,대전BIS
DJB8005626,무수동입구,36.27708,127.402275,2025-10-31,23530,25,대전광역시,대전BIS
DJB8005627,무수동,36.276924,127.40698,2025-10-31,23560,25,대전광역시,대전BIS
DJB8001093,계산동,36.325844,127.311424,2025-10-31,40490,25,대전광역시,대전BIS
DJB8001094,고산사입구,36.296646,127.46001,2025-10-31,13620,25,대전광역시,대전BIS
DJB8001095,고산사입구,36.2969,127.460045,2025-10-31,13630,25,대전광역시,대전BIS
DJB8001096,복합터미널,36.349014,127.43567,2025-10-31,11830,25,대전광역시,대전BIS
DJB8001097,복합터미널,36.349037,127.437195,2025-10-31,12010,25,대전광역시,대전BIS
DJB8001098,공구백화점,36.365883,127.403076,2025-10-31,50410,25,대전광역시,대전BIS
DJB8001099,공구백화점,36.366196,127.40275,2025-10-31,50400,25,대전광역시,대전BIS
DJB8001100,공굴안,36.313366,127.369095,2025-10-31,30390,25,대전광역시,대전BIS
DJB8001101,공굴안,36.313496,127.36893,2025-10-31,30380,25,대전광역시,대전BIS
DJB8001102,공동관리아파트,36.382385,127.37842,2025-10-31,43150,25,대전광역시,대전BIS
DJB8001103,공동관리아파트,36.382217,127.37878,2025-10-31,43180,25,대전광역시,대전BIS
DJB8001104,대전광역시인재개발원,36.401127,127.362724,2025-10-31,43440,25,대전광역시,대전BIS
DJB8001105,대전광역시인재개발원,36.4019,127.36307,2025-10-31,43450,25,대전광역시,대전BIS
DJB8001107,대전추모공원입구,36.279682,127.34707,2025-10-31,34480,25,대전광역시,대전BIS
DJB8001108,대전추모공원입구,36.27981,127.34718,2025-10-31,34490,25,대전광역시,대전BIS
DJB8001109,공작아파트,36.348274,127.39498,2025-10-31,31190,25,대전광역시,대전BIS
DJB8001110,공주마을,36.252056,127.47736,2025-10-31,13880,25,대전광역시,대전BIS
DJB8001111,공주마을,36.252087,127.47752,2025-10-31,13890,25,대전광역시,대전BIS
DJB8001112,과례마을,36.31142,127.41096,2025-10-31,22170,25,대전광역시,대전BIS
DJB8001113,카이스트,36.374435,127.366745,2025-10-31,42850,25,대전광역시,대전BIS
DJB8001114,원자력안전기술원,36.374493,127.36696,2025-10-31,42860,25,대전광역시,대전BIS
DJB8001115,관저지하차도,36.30181,127.33657,2025-10-31,33480,25,대전광역시,대전BIS
DJB8001116,관저네거리,36.301777,127.3347,2025-10-31,33440,25,대전광역시,대전BIS
DJB8001117,관저중학교,36.305386,127.340645,2025-10-31,33600,25,대전광역시,대전BIS
DJB8001118,관저네거리,36.30123,127.33591,2025-10-31,33470,25,대전광역시,대전BIS
DJB8001126,고릿골구름다리,36.285625,127.352394,2025-10-31,34510,25,대전광역시,대전BIS
DJB8001127,고릿골구름다리,36.28589,127.35225,2025-10-31,34500,25,대전광역시,대전BIS
DJB8001128,괴곡동.고리골,36.288486,127.35376,2025-10-31,34530,25,대전광역시,대전BIS
DJB8001129,괴곡동.고리골,36.288364,127.35451,2025-10-31,34540,25,대전광역시,대전BIS
DJB8001130,괴정네거리,36.333572,127.379105,2025-10-31,31680,25,대전광역시,대전BIS
DJB8001131,괴정네거리,36.33397,127.379814,2025-10-31,31690,25,대전광역시,대전BIS
DJB8001132,괴정네거리,36.33615,127.37896,2025-10-31,31360,25,대전광역시,대전BIS
DJB8001133,괴정네거리,36.335934,127.37874,2025-10-31,31670,25,대전광역시,대전BIS
DJB8001134,괴정동주민센터,36.33602,127.38197,2025-10-31,31370,25,대전광역시,대전BIS
DJB8001135,괴정동주민센터,36.336185,127.3825,2025-10-31,31380,25,대전광역시,대전BIS
DJB8001136,교도소,36.31144,127.325195,2025-10-31,40350,25,대전광역시,대전BIS
DJB8001137,교도소입구,36.30974,127.31823,2025-10-31,40250,25,대전광역시,대전BIS
DJB8001138,교도소입구,36.308952,127.31843,2025-10-31,40240,25,대전광역시,대전BIS
DJB8001139,성모오거리,36.32343,127.421,2025-10-31,20610,25,대전광역시,대전BIS
DJB8001140,교촌3통,36.31188,127.31859,2025-10-31,40300,25,대전광역시,대전BIS
DJB8001141,교촌3통,36.312122,127.31857,2025-10-31,40310,25,대전광역시,대전BIS
DJB8001144,구도동,36.273636,127.47339,2025-10-31,13810,25,대전광역시,대전BIS
DJB8001145,구도동,36.273685,127.47303,2025-10-31,13800,25,대전광역시,대전BIS
DJB8001146,구룡,36.44605,127.36842,2025-10-31,45210,25,대전광역시,대전BIS
DJB8001147,구룡,36.446117,127.36868,2025-10-31,45220,25,대전광역시,대전BIS
DJB8001148,구룡2통,36.44728,127.365364,2025-10-31,45190,25,대전광역시,대전BIS
DJB8001149,구룡2통,36.44708,127.36545,2025-10-31,45200,25,대전광역시,대전BIS
DJB8001150,서한이다음2단지,36.45175,127.36182,2025-10-31,45170,25,대전광역시,대전BIS
DJB8001151,서한이다음2단지,36.45185,127.362,2025-10-31,45180,25,대전광역시,대전BIS
DJB8001152,구봉마을7단지,36.29667,127.32708,2025-10-31,33340,25,대전광역시,대전BIS
DJB8001153,구봉마을5단지,36.300285,127.32697,2025-10-31,33330,25,대전광역시,대전BIS
DJB8001154,구봉마을7단지,36.297737,127.32946,2025-10-31,33380,25,대전광역시,대전BIS
DJB8001155,구봉마을8단지,36.296463,127.33123,2025-10-31,33400,25,대전광역시,대전BIS
DJB8001156,구봉마을8단지,36.297695,127.32979,2025-10-31,33390,25,대전광역시,대전BIS
DJB8001157,구봉마을9단지,36.296196,127.33163,2025-10-31,33410,25,대전광역시,대전BIS
DJB8001158,신선마을아파트,36.30164,127.32975,2025-10-31,46530,25,대전광역시,대전BIS
DJB8001160,구성삼거리,36.370495,127.36868,2025-10-31,42870,25,대전광역시,대전BIS
DJB8001162,구암8통,36.35907,127.31484,2025-10-31,41440,25,대전광역시,대전BIS
DJB8001163,구암8통,36.35921,127.313835,2025-10-31,41430,25,대전광역시,대전BIS
DJB8001166,구암동,36.349415,127.327065,2025-10-31,41530,25,대전광역시,대전BIS
DJB8001167,구암동,36.34947,127.326836,2025-10-31,41520,25,대전광역시,대전BIS
DJB8001168,유성시외버스정류소,36.356045,127.330986,2025-10-31,41560,25,대전광역시,대전BIS
DJB8001169,유성시외버스정류소,36.355785,127.3312,2025-10-31,41570,25,대전광역시,대전BIS
DJB8001170,구억들,36.288555,127.27451,2025-10-31,40740,25,대전광역시,대전BIS
DJB8001171,구억들,36.2886,127.27453,2025-10-31,40760,25,대전광역시,대전BIS
DJB8001174,구절골,36.369045,127.50731,2025-10-31,13190,25,대전광역시,대전BIS
DJB8001175,구절골,36.36915,127.507225,2025-10-31,13180,25,대전광역시,대전BIS
DJB8001178,송강마을아파트,36.437572,127.38576,2025-10-31,44790,25,대전광역시,대전BIS
DJB8002310,용전네거리,36.349922,127.43197,2025-10-31,11730,25,대전광역시,대전BIS
DJB8002311,용전네거리,36.350033,127.43247,2025-10-31,11760,25,대전광역시,대전BIS
DJB8002312,용전초등학교입구,36.355015,127.43293,2025-10-31,11790,25,대전광역시,대전BIS
DJB8002313,용전초등학교입구,36.3551,127.43244,2025-10-31,11770,25,대전광역시,대전BIS
DJB8002314,용전동주민센터,36.357227,127.43301,2025-10-31,11800,25,대전광역시,대전BIS
DJB8002315,용전동주민센터,36.358025,127.43249,2025-10-31,11750,25,대전광역시,대전BIS
DJB8002316,대전지방국토관리청,36.35224,127.4322,2025-10-31,11740,25,대전광역시,대전BIS
DJB8002317,대전지방국토관리청,36.35209,127.43263,2025-10-31,11780,25,대전광역시,대전BIS
DJB8002319,용정초등학교,36.453426,127.43602,2025-10-31,52950,25,대전광역시,대전BIS
DJB8002320,동일스위트리버스카이,36.452747,127.43391,2025-10-31,52960,25,대전광역시,대전BIS
DJB8002321,용촌1통,36.249195,127.3232,2025-10-31,33990,25,대전광역시,대전BIS
DJB8002322,용촌1통,36.24924,127.32297,2025-10-31,33980,25,대전광역시,대전BIS
DJB8002323,용촌2통,36.24872,127.312775,2025-10-31,34400,25,대전광역시,대전BIS
DJB8002324,용촌2통,36.24882,127.312775,2025-10-31,34390,25,대전광역시,대전BIS
DJB8002325,용촌교,36.247635,127.31566,2025-10-31,33910,25,대전광역시,대전BIS
DJB8002326,용촌교,36.247574,127.31556,2025-10-31,33890,25,대전광역시,대전BIS
DJB8002327,용호동종점,36.436035,127.44899,2025-10-31,52980,25,대전광역시,대전BIS
DJB8002328,우남스타원아파트,36.293278,127.383125,2025-10-31,22520,25,대전광역시,대전BIS
DJB8002329,우남스타원아파트,36.29316,127.38268,2025-10-31,22500,25,대전광역시,대전BIS
DJB8002330,중앙로역6번출구,36.32823,127.42432,2025-10-31,20300,25,대전광역시,대전BIS
DJB8002331,우명2구,36.225357,127.29455,2025-10-31,34330,25,대전광역시,대전BIS
DJB8002332,우명2구,36.225334,127.29443,2025-10-31,34320,25,대전광역시,대전BIS
DJB8002333,우명동,36.22614,127.293686,2025-10-31,34300,25,대전광역시,대전BIS
DJB8002334,우명동,36.22617,127.29377,2025-10-31,34310,25,대전광역시,대전BIS
DJB8002335,우명동종점,36.23753,127.285614,2025-10-31,34290,25,대전광역시,대전BIS
DJB8002338,국화아파트,36.354168,127.39531,2025-10-31,31290,25,대전광역시,대전BIS
DJB8002339,우송대학교서캠퍼스,36.337547,127.44774,2025-10-31,11310,25,대전광역시,대전BIS
DJB8002340,우송대삼거리,36.336014,127.44718,2025-10-31,11300,25,대전광역시,대전BIS
DJB8002341,우송대동캠퍼스,36.333096,127.453415,2025-10-31,10910,25,대전광역시,대전BIS
DJB8002343,우송어학센터,36.339973,127.44899,2025-10-31,11340,25,대전광역시,대전BIS
DJB8002344,우송고등학교,36.333046,127.4454,2025-10-31,11240,25,대전광역시,대전BIS
DJB8002345,우송고등학교,36.33445,127.44585,2025-10-31,11290,25,대전광역시,대전BIS
DJB8002346,우암사적공원,36.346542,127.45544,2025-10-31,11700,25,대전광역시,대전BIS
DJB8002347,우암사적공원,36.346783,127.456085,2025-10-31,11710,25,대전광역시,대전BIS
DJB8002348,우주통신연구소,36.377274,127.34237,2025-10-31,42570,25,대전광역시,대전BIS
DJB8002349,운전면허시험장,36.29111,127.46269,2025-10-31,13660,25,대전광역시,대전BIS
DJB8002350,운전면허시험장,36.290543,127.46309,2025-10-31,13670,25,대전광역시,대전BIS
DJB8002351,원내네거리,36.29977,127.31898,2025-10-31,40120,25,대전광역시,대전BIS
DJB8002352,원내네거리,36.2997,127.318184,2025-10-31,40110,25,대전광역시,대전BIS
DJB8002355,원내동공영차고지,36.29267,127.318375,2025-10-31,40080,25,대전광역시,대전BIS
DJB8002356,원동네거리,36.32597,127.435356,2025-10-31,10080,25,대전광역시,대전BIS
DJB8002357,원동네거리,36.32757,127.43485,2025-10-31,10070,25,대전광역시,대전BIS
DJB8002358,중앙시장,36.328297,127.43441,2025-10-31,10060,25,대전광역시,대전BIS
DJB8002359,원마산,36.38643,127.48083,2025-10-31,12880,25,대전광역시,대전BIS
DJB8002360,원마산,36.38655,127.48071,2025-10-31,12870,25,대전광역시,대전BIS
DJB8002361,원명학교,36.367634,127.41576,2025-10-31,50540,25,대전광역시,대전BIS
DJB8002362,원명학교,36.367825,127.4159,2025-10-31,50550,25,대전광역시,대전BIS
DJB8002363,원신흥동,36.33732,127.34969,2025-10-31,41920,25,대전광역시,대전BIS
DJB8002364,원신흥동,36.338203,127.349075,2025-10-31,41910,25,대전광역시,대전BIS
DJB8002365,"원앙1,2단지",36.307995,127.33908,2025-10-31,33540,25,대전광역시,대전BIS
DJB8002366,원정1통마을회관,36.25784,127.30171,2025-10-31,34360,25,대전광역시,대전BIS
DJB8002367,원정역,36.253548,127.304886,2025-10-31,34370,25,대전광역시,대전BIS
DJB8002368,원정역,36.253685,127.305016,2025-10-31,34380,25,대전광역시,대전BIS
DJB8002369,원주산.양지말,36.360798,127.480354,2025-10-31,12830,25,대전광역시,대전BIS
DJB8002370,원주산.양지말,36.36071,127.48027,2025-10-31,12820,25,대전광역시,대전BIS
DJB8002371,원촌교네거리,36.37675,127.4125,2025-10-31,50620,25,대전광역시,대전BIS
DJB8002372,원촌교네거리,36.376778,127.41182,2025-10-31,50610,25,대전광역시,대전BIS
DJB8002373,원촌삼거리,36.381092,127.40632,2025-10-31,44270,25,대전광역시,대전BIS
DJB8002374,원촌삼거리,36.381145,127.40661,2025-10-31,44280,25,대전광역시,대전BIS
DJB8002375,월드컵경기장역,36.368183,127.31803,2025-10-31,42250,25,대전광역시,대전BIS
DJB8002376,월드컵경기장역,36.36885,127.317825,2025-10-31,42220,25,대전광역시,대전BIS
DJB8002377,월평역,36.358498,127.36105,2025-10-31,32740,25,대전광역시,대전BIS
DJB8002378,월평역,36.35873,127.362434,2025-10-31,32770,25,대전광역시,대전BIS
DJB8002379,월평주공아파트,36.36237,127.37039,2025-10-31,32830,25,대전광역시,대전BIS
DJB8002381,월평주공아파트,36.362118,127.36937,2025-10-31,32820,25,대전광역시,대전BIS
DJB8005628,무수동,36.276955,127.40685,2025-10-31,23550,25,대전광역시,대전BIS
DJB8005631,대청댐(종점),36.4753,127.48042,2025-10-31,53210,25,대전광역시,대전BIS
DJB8005632,금암주공아파트,36.26992,127.25741,2025-10-31,73970,25,대전광역시,대전BIS
DJB8005633,금암주공아파트,36.26997,127.256966,2025-10-31,73980,25,대전광역시,대전BIS
DJB8005634,쉐리움오피스텔,36.271793,127.25477,2025-10-31,73950,25,대전광역시,대전BIS
DJB8005635,쉐리움오피스텔,36.271435,127.25485,2025-10-31,73960,25,대전광역시,대전BIS
DJB8005637,천마사,36.28085,127.247055,2025-10-31,73810,25,대전광역시,대전BIS
DJB8005640,신계초등학교,36.302807,127.37894,2025-10-31,34920,25,대전광역시,대전BIS
DJB8005641,대전청소년수련마을,36.270885,127.39305,2025-10-31,22790,25,대전광역시,대전BIS
DJB8005644,광석리,36.266457,127.22533,2025-10-31,73180,25,대전광역시,대전BIS
DJB8005645,향한리마을회관,36.28096,127.22176,2025-10-31,73900,25,대전광역시,대전BIS
DJB8005646,문화동삼익아파트,36.318707,127.406296,2025-10-31,22020,25,대전광역시,대전BIS
DJB8005647,원앙4단지,36.304546,127.33836,2025-10-31,33510,25,대전광역시,대전BIS
DJB8005648,고도리,36.21581,127.27078,2025-10-31,5648,25,대전광역시,대전BIS
DJB8005649,고도리,36.21577,127.27061,2025-10-31,5649,25,대전광역시,대전BIS
DJB8005650,수정리,36.212116,127.26958,2025-10-31,72120,25,대전광역시,대전BIS
DJB8005651,수정리,36.212242,127.26943,2025-10-31,72110,25,대전광역시,대전BIS
DJB8005652,샘물타운,36.298782,127.320114,2025-10-31,82130,25,대전광역시,대전BIS
DJB8005653,자운상가,36.413765,127.337074,2025-10-31,81680,25,대전광역시,대전BIS
DJB8005655,아리랑보쌈앞,36.394547,127.35264,2025-10-31,81320,25,대전광역시,대전BIS
DJB8005656,구암동,36.3534,127.33288,2025-10-31,82270,25,대전광역시,대전BIS
DJB8005660,원불교유성교당,36.350704,127.33156,2025-10-31,80480,25,대전광역시,대전BIS
DJB8005662,애경연구원,36.392185,127.350945,2025-10-31,81290,25,대전광역시,대전BIS
DJB8005663,탄동농협,36.390903,127.34964,2025-10-31,81270,25,대전광역시,대전BIS
DJB8005664,럭키하나아파트,36.385933,127.347855,2025-10-31,81170,25,대전광역시,대전BIS
DJB8005667,탑립1통,36.40894,127.39585,2025-10-31,44300,25,대전광역시,대전BIS
DJB8005670,군인아파트,36.416744,127.338295,2025-10-31,43730,25,대전광역시,대전BIS
DJB8005671,자운상가,36.41376,127.33733,2025-10-31,82200,25,대전광역시,대전BIS
DJB8005681,유성온천역,36.353737,127.33895,2025-10-31,82160,25,대전광역시,대전BIS
DJB8005705,샘물타운,36.29882,127.32031,2025-10-31,80040,25,대전광역시,대전BIS
DJB8005711,교촌동,36.311394,127.31724,2025-10-31,82110,25,대전광역시,대전BIS
DJB8005736,복지관,36.408287,127.33726,2025-10-31,82180,25,대전광역시,대전BIS
DJB8005738,테크노밸리6단지,36.418785,127.38794,2025-10-31,47110,25,대전광역시,대전BIS
DJB8005756,아리랑보쌈앞,36.394287,127.35275,2025-10-31,82020,25,대전광역시,대전BIS
DJB8005757,애경연구원,36.39207,127.35103,2025-10-31,82010,25,대전광역시,대전BIS
DJB8005758,신성동주민센터,36.388996,127.348015,2025-10-31,81220,25,대전광역시,대전BIS
DJB8005782,럭키하나아파트,36.38594,127.34803,2025-10-31,81990,25,대전광역시,대전BIS
DJB8005783,신성동주민센터,36.3893,127.348076,2025-10-31,81230,25,대전광역시,대전BIS
DJB8005784,탄동농협,36.390785,127.34977,2025-10-31,82000,25,대전광역시,대전BIS
DJB8005812,테크노밸리1단지,36.420933,127.38143,2025-10-31,82280,25,대전광역시,대전BIS
DJB8005825,목련아파트,36.34664,127.33097,2025-10-31,82240,25,대전광역시,대전BIS
DJB8005828,원불교유성교당,36.35071,127.33176,2025-10-31,82260,25,대전광역시,대전BIS
DJB8005829,구암동,36.35337,127.33268,2025-10-31,80550,25,대전광역시,대전BIS
DJB8005846,테크노밸리1단지,36.421185,127.38115,2025-10-31,82230,25,대전광역시,대전BIS
DJB8005855,현암초등학교,36.342396,127.42001,2025-10-31,12200,25,대전광역시,대전BIS
DJB8005856,을지대학병원,36.35481,127.38309,2025-10-31,32300,25,대전광역시,대전BIS
DJB8005857,반석초등학교,36.390633,127.312256,2025-10-31,45250,25,대전광역시,대전BIS
DJB8005858,진잠타운아파트,36.297318,127.32017,2025-10-31,40160,25,대전광역시,대전BIS
DJB8005859,진잠타운아파트,36.297245,127.32031,2025-10-31,40170,25,대전광역시,대전BIS
DJB8005860,송림마을5.6단지,36.39114,127.330894,2025-10-31,43630,25,대전광역시,대전BIS
DJB8005863,을미기네거리,36.440918,127.40926,2025-10-31,51950,25,대전광역시,대전BIS
DJB8005864,안아감마을,36.353203,127.51595,2025-10-31,13200,25,대전광역시,대전BIS
DJB8005865,탄방역.대전고용센터,36.34685,127.38568,2025-10-31,31090,25,대전광역시,대전BIS
DJB8005866,한배미뜰,36.2904,127.2478,2025-10-31,40810,25,대전광역시,대전BIS
DJB8005867,송정소징이,36.28663,127.25,2025-10-31,40830,25,대전광역시,대전BIS
DJB8005869,천동휴먼시아,36.3136,127.4456,2025-10-31,14200,25,대전광역시,대전BIS
DJB8005870,천동휴먼시아,36.3141,127.44559,2025-10-31,14210,25,대전광역시,대전BIS
DJB8005871,천동초등학교,36.315994,127.444725,2025-10-31,14190,25,대전광역시,대전BIS
DJB8005872,천동초등학교,36.315693,127.44458,2025-10-31,14180,25,대전광역시,대전BIS
DJB8005873,효동주민센터,36.317066,127.44264,2025-10-31,14170,25,대전광역시,대전BIS
DJB8005874,홈플러스가오점,36.30583,127.45812,2025-10-31,14140,25,대전광역시,대전BIS
DJB8005875,홈플러스가오점,36.305607,127.45799,2025-10-31,14130,25,대전광역시,대전BIS
DJB8005876,석천들마을아파트,36.27638,127.467415,2025-10-31,13410,25,대전광역시,대전BIS
DJB8005877,석천들마을아파트,36.276493,127.46816,2025-10-31,13420,25,대전광역시,대전BIS
DJB8005878,비래동노인회관,36.35615,127.44627,2025-10-31,53070,25,대전광역시,대전BIS
DJB8005879,테크노밸리6.10단지,36.420303,127.39216,2025-10-31,44640,25,대전광역시,대전BIS
DJB8001179,휴먼시아아파트,36.438026,127.385185,2025-10-31,44770,25,대전광역시,대전BIS
DJB8001182,국립중앙과학관,36.374023,127.37793,2025-10-31,42930,25,대전광역시,대전BIS
DJB8001183,국립중앙과학관,36.37393,127.378044,2025-10-31,43190,25,대전광역시,대전BIS
DJB8001184,국립대전현충원,36.36036,127.30081,2025-10-31,41720,25,대전광역시,대전BIS
DJB8001185,국립대전현충원,36.36055,127.29998,2025-10-31,41700,25,대전광역시,대전BIS
DJB8001186,국방과학연구소입구,36.406063,127.303024,2025-10-31,43810,25,대전광역시,대전BIS
DJB8001188,국방과학연구소입구,36.40603,127.303154,2025-10-31,43820,25,대전광역시,대전BIS
DJB8001189,군수사령부,36.38969,127.30335,2025-10-31,43870,25,대전광역시,대전BIS
DJB8001190,군수사령부,36.38994,127.30378,2025-10-31,43860,25,대전광역시,대전BIS
DJB8001191,군인아파트,36.410934,127.337074,2025-10-31,43730,25,대전광역시,대전BIS
DJB8001192,궁동,36.36067,127.34951,2025-10-31,42690,25,대전광역시,대전BIS
DJB8001193,궁동,36.360806,127.34954,2025-10-31,42700,25,대전광역시,대전BIS
DJB8001194,장대네거리,36.363605,127.3376,2025-10-31,42120,25,대전광역시,대전BIS
DJB8001195,장대네거리,36.364986,127.33864,2025-10-31,42140,25,대전광역시,대전BIS
DJB8001196,궁동교,36.36625,127.33871,2025-10-31,42130,25,대전광역시,대전BIS
DJB8001197,귀빈장네거리,36.3216,127.373566,2025-10-31,30540,25,대전광역시,대전BIS
DJB8001198,정림삼거리,36.306957,127.36462,2025-10-31,30830,25,대전광역시,대전BIS
DJB8001199,정림삼거리,36.306656,127.36506,2025-10-31,30840,25,대전광역시,대전BIS
DJB8001200,그린아파트,36.430603,127.38317,2025-10-31,44710,25,대전광역시,대전BIS
DJB8001201,그린아파트,36.365803,127.43426,2025-10-31,51230,25,대전광역시,대전BIS
DJB8001202,그린아파트,36.365803,127.43454,2025-10-31,51250,25,대전광역시,대전BIS
DJB8001203,그린아파트,36.367985,127.434296,2025-10-31,51240,25,대전광역시,대전BIS
DJB8001204,갈마중학교입구,36.349384,127.36812,2025-10-31,31760,25,대전광역시,대전BIS
DJB8001205,갈마중학교입구,36.34949,127.368454,2025-10-31,31790,25,대전광역시,대전BIS
DJB8001206,반석네거리,36.38665,127.31836,2025-10-31,42380,25,대전광역시,대전BIS
DJB8001207,금강유역환경청,36.372276,127.375046,2025-10-31,42920,25,대전광역시,대전BIS
DJB8001208,금고1통,36.46376,127.390366,2025-10-31,44920,25,대전광역시,대전BIS
DJB8001209,금고1통,36.46384,127.390465,2025-10-31,44940,25,대전광역시,대전BIS
DJB8001210,금고2통,36.458904,127.38522,2025-10-31,44870,25,대전광역시,대전BIS
DJB8001211,금고2통,36.458992,127.38511,2025-10-31,44860,25,대전광역시,대전BIS
DJB8001212,금고동,36.4667,127.39038,2025-10-31,44930,25,대전광역시,대전BIS
DJB8001213,금고동,36.466785,127.39056,2025-10-31,44950,25,대전광역시,대전BIS
DJB8001214,금동,36.245865,127.42811,2025-10-31,23110,25,대전광역시,대전BIS
DJB8001215,금동마을,36.245693,127.42619,2025-10-31,23100,25,대전광역시,대전BIS
DJB8001216,금동마을,36.24563,127.42637,2025-10-31,23090,25,대전광역시,대전BIS
DJB8001217,금동초등학교,36.296825,127.327324,2025-10-31,33350,25,대전광역시,대전BIS
DJB8001218,진잠네거리,36.298157,127.3243,2025-10-31,33300,25,대전광역시,대전BIS
DJB8001219,정보통신공사협회,36.353104,127.32979,2025-10-31,41540,25,대전광역시,대전BIS
DJB8001220,유성구보건소,36.35344,127.32967,2025-10-31,41550,25,대전광역시,대전BIS
DJB8001221,금성마을,36.353687,127.47752,2025-10-31,12790,25,대전광역시,대전BIS
DJB8001222,금성마을,36.353745,127.47744,2025-10-31,12780,25,대전광역시,대전BIS
DJB8001223,금탄동종점,36.49246,127.38432,2025-10-31,45060,25,대전광역시,대전BIS
DJB8001224,기성농협,36.253307,127.34092,2025-10-31,35840,25,대전광역시,대전BIS
DJB8001225,기성중학교,36.25011,127.34214,2025-10-31,33760,25,대전광역시,대전BIS
DJB8001226,기성초등학교,36.250736,127.33621,2025-10-31,34040,25,대전광역시,대전BIS
DJB8001227,기성초등학교,36.250916,127.33621,2025-10-31,34050,25,대전광역시,대전BIS
DJB8001228,가양초등학교,36.343613,127.44162,2025-10-31,11500,25,대전광역시,대전BIS
DJB8001229,가양초등학교,36.344067,127.443184,2025-10-31,11510,25,대전광역시,대전BIS
DJB8001230,기흥기계,36.44141,127.400116,2025-10-31,51830,25,대전광역시,대전BIS
DJB8001231,기흥기계,36.44173,127.40005,2025-10-31,51790,25,대전광역시,대전BIS
DJB8001232,꿈나무아파트,36.359795,127.39173,2025-10-31,32520,25,대전광역시,대전BIS
DJB8001234,꿈에그린아파트,36.333107,127.45718,2025-10-31,10970,25,대전광역시,대전BIS
DJB8001236,꿈에그린아파트,36.333054,127.457306,2025-10-31,10990,25,대전광역시,대전BIS
DJB8001237,래미안아파트1단지,36.33184,127.385284,2025-10-31,31490,25,대전광역시,대전BIS
DJB8001238,래미안아파트1단지,36.332397,127.38538,2025-10-31,31510,25,대전광역시,대전BIS
DJB8001239,래미안아파트2단지,36.33346,127.38732,2025-10-31,31520,25,대전광역시,대전BIS
DJB8001240,래미안아파트2단지,36.334217,127.38771,2025-10-31,31550,25,대전광역시,대전BIS
DJB8001241,남경마을,36.44464,127.42941,2025-10-31,51720,25,대전광역시,대전BIS
DJB8001242,남경마을,36.444923,127.42969,2025-10-31,52830,25,대전광역시,대전BIS
DJB8001243,석교치안센터,36.307575,127.44639,2025-10-31,20920,25,대전광역시,대전BIS
DJB8001244,석교치안센터,36.307796,127.44515,2025-10-31,20910,25,대전광역시,대전BIS
DJB8001245,남대전고등학교,36.313843,127.42812,2025-10-31,21040,25,대전광역시,대전BIS
DJB8001246,남대전고등학교,36.31431,127.42818,2025-10-31,21060,25,대전광역시,대전BIS
DJB8001247,동명중학교,36.310787,127.43918,2025-10-31,20880,25,대전광역시,대전BIS
DJB8001248,동명중학교,36.311237,127.43911,2025-10-31,20870,25,대전광역시,대전BIS
DJB8001249,남선공원네거리,36.345898,127.40215,2025-10-31,31270,25,대전광역시,대전BIS
DJB8002382,월평삼거리,36.352882,127.356155,2025-10-31,32730,25,대전광역시,대전BIS
DJB8002383,원정림,36.289787,127.36113,2025-10-31,34590,25,대전광역시,대전BIS
DJB8002384,원정림,36.289658,127.360954,2025-10-31,34580,25,대전광역시,대전BIS
DJB8002385,디엔에프,36.370876,127.410255,2025-10-31,50460,25,대전광역시,대전BIS
DJB8002386,롯데택배,36.37079,127.41027,2025-10-31,50470,25,대전광역시,대전BIS
DJB8002387,유등마을아파트,36.330563,127.39835,2025-10-31,21610,25,대전광역시,대전BIS
DJB8002388,유등마을아파트,36.33077,127.397995,2025-10-31,21600,25,대전광역시,대전BIS
DJB8002392,유성고등학교,36.350636,127.33555,2025-10-31,41600,25,대전광역시,대전BIS
DJB8002393,유성고등학교,36.350883,127.335625,2025-10-31,41610,25,대전광역시,대전BIS
DJB8002394,유성고속터미널,36.35832,127.336395,2025-10-31,42110,25,대전광역시,대전BIS
DJB8002395,유성고속터미널,36.358776,127.33625,2025-10-31,42100,25,대전광역시,대전BIS
DJB8002397,유성구노인복지관,36.38425,127.345634,2025-10-31,42940,25,대전광역시,대전BIS
DJB8002398,유성구청,36.361366,127.356026,2025-10-31,42760,25,대전광역시,대전BIS
DJB8002399,유성구청,36.361675,127.35726,2025-10-31,42770,25,대전광역시,대전BIS
DJB8002401,유성자이아파트,36.35589,127.336685,2025-10-31,41200,25,대전광역시,대전BIS
DJB8002402,봉명네거리,36.355476,127.334816,2025-10-31,41190,25,대전광역시,대전BIS
DJB8002403,봉명네거리,36.355713,127.3346,2025-10-31,41180,25,대전광역시,대전BIS
DJB8002404,유성시장,36.358906,127.33311,2025-10-31,42010,25,대전광역시,대전BIS
DJB8002405,유성시장,36.358654,127.33318,2025-10-31,42020,25,대전광역시,대전BIS
DJB8002406,유성경찰서,36.37679,127.324265,2025-10-31,42480,25,대전광역시,대전BIS
DJB8002407,유성경찰서,36.3777,127.32474,2025-10-31,42490,25,대전광역시,대전BIS
DJB8002408,유성온천역3번출구,36.353306,127.340996,2025-10-31,41300,25,대전광역시,대전BIS
DJB8002409,유성온천역4번출구,36.354187,127.3398,2025-10-31,41270,25,대전광역시,대전BIS
DJB8002410,유성온천역5번출구,36.35433,127.33983,2025-10-31,41290,25,대전광역시,대전BIS
DJB8002411,유성온천역6번출구,36.35488,127.34153,2025-10-31,41320,25,대전광역시,대전BIS
DJB8002412,유성온천역7번출구,36.354378,127.34202,2025-10-31,41330,25,대전광역시,대전BIS
DJB8002415,유성장애인복지관,36.381176,127.32298,2025-10-31,42450,25,대전광역시,대전BIS
DJB8002416,KT유성지사,36.361942,127.33486,2025-10-31,42050,25,대전광역시,대전BIS
DJB8002417,KT유성지사,36.36287,127.334404,2025-10-31,42030,25,대전광역시,대전BIS
DJB8002418,유성생명과학고,36.347733,127.32573,2025-10-31,41510,25,대전광역시,대전BIS
DJB8002419,유성생명과학고,36.34947,127.326836,2025-10-31,41500,25,대전광역시,대전BIS
DJB8002420,유성컨트리클럽,36.359997,127.29443,2025-10-31,42200,25,대전광역시,대전BIS
DJB8002421,유성컨트리클럽,36.360207,127.29419,2025-10-31,42190,25,대전광역시,대전BIS
DJB8002425,유승기업사,36.343407,127.38157,2025-10-31,31020,25,대전광역시,대전BIS
DJB8002426,유원아파트,36.36943,127.427475,2025-10-31,51120,25,대전광역시,대전BIS
DJB8002427,유창산업,36.432163,127.42482,2025-10-31,53040,25,대전광역시,대전BIS
DJB8002428,유천2동주민센터,36.316223,127.39834,2025-10-31,21810,25,대전광역시,대전BIS
DJB8002429,유천2동주민센터,36.316727,127.3979,2025-10-31,21790,25,대전광역시,대전BIS
DJB8002430,유천네거리,36.32074,127.396484,2025-10-31,21760,25,대전광역시,대전BIS
DJB8002431,유천네거리,36.32079,127.39676,2025-10-31,21780,25,대전광역시,대전BIS
DJB8002432,유천동서대전농협,36.317894,127.394745,2025-10-31,21750,25,대전광역시,대전BIS
DJB8002433,유천동현대아파트,36.318836,127.39835,2025-10-31,21820,25,대전광역시,대전BIS
DJB8002434,유천시장,36.31803,127.396645,2025-10-31,21770,25,대전광역시,대전BIS
DJB8002435,국군대전병원,36.40057,127.3458,2025-10-31,43670,25,대전광역시,대전BIS
DJB8002436,국방지형정보단,36.40766,127.34624,2025-10-31,43690,25,대전광역시,대전BIS
DJB8002437,으능정이거리,36.3291,127.427444,2025-10-31,20050,25,대전광역시,대전BIS
DJB8002438,은아아파트,36.297485,127.355156,2025-10-31,33170,25,대전광역시,대전BIS
DJB8002439,은아아파트,36.29771,127.35518,2025-10-31,33160,25,대전광역시,대전BIS
DJB8002440,가오동네거리,36.30556,127.454636,2025-10-31,10360,25,대전광역시,대전BIS
DJB8002441,가오동네거리,36.30542,127.4548,2025-10-31,10370,25,대전광역시,대전BIS
DJB8002442,은어송마을1단지,36.303543,127.45721,2025-10-31,10430,25,대전광역시,대전BIS
DJB8002443,남부여성가족원,36.30239,127.45967,2025-10-31,10480,25,대전광역시,대전BIS
DJB8002444,은어송마을3단지,36.310368,127.46144,2025-10-31,10510,25,대전광역시,대전BIS
DJB8002445,은어송마을3단지후문,36.3119,127.45905,2025-10-31,10470,25,대전광역시,대전BIS
DJB8002446,은어송마을4단지,36.310074,127.46134,2025-10-31,10520,25,대전광역시,대전BIS
DJB8002447,은어송마을5단지,36.308434,127.458824,2025-10-31,10490,25,대전광역시,대전BIS
DJB8002448,은어송마을5단지,36.308628,127.45936,2025-10-31,10500,25,대전광역시,대전BIS
DJB8002449,은어송마을6단지,36.310215,127.45664,2025-10-31,10420,25,대전광역시,대전BIS
DJB8002450,은어송마을6단지,36.3108,127.45723,2025-10-31,10440,25,대전광역시,대전BIS
DJB8002451,은어송마을3단지후문,36.312267,127.45926,2025-10-31,10730,25,대전광역시,대전BIS
DJB8002452,은하수네거리,36.350246,127.37747,2025-10-31,32060,25,대전광역시,대전BIS
DJB8002453,은하수네거리,36.350414,127.37803,2025-10-31,32080,25,대전광역시,대전BIS
DJB8002454,으능정이거리,36.329296,127.42716,2025-10-31,23250,25,대전광역시,대전BIS
DJB8002456,은혜아파트,36.301216,127.452736,2025-10-31,20960,25,대전광역시,대전BIS
DJB8005880,테크노밸리6.10단지,36.420105,127.391975,2025-10-31,44660,25,대전광역시,대전BIS
DJB8005881,대동역2번출구,36.328762,127.44144,2025-10-31,11170,25,대전광역시,대전BIS
DJB8005882,안골,36.46996,127.47207,2025-10-31,53180,25,대전광역시,대전BIS
DJB8005883,세천공원,36.332348,127.48018,2025-10-31,12970,25,대전광역시,대전BIS
DJB8005884,세천공원,36.33221,127.479866,2025-10-31,12980,25,대전광역시,대전BIS
DJB8005889,침산동입구,36.277317,127.39847,2025-10-31,22760,25,대전광역시,대전BIS
DJB8005890,대별동,36.27919,127.456856,2025-10-31,14150,25,대전광역시,대전BIS
DJB8005891,대별동,36.279118,127.45696,2025-10-31,14160,25,대전광역시,대전BIS
DJB8005892,우명교,36.227345,127.302574,2025-10-31,35090,25,대전광역시,대전BIS
DJB8005893,우명교,36.227283,127.30215,2025-10-31,35080,25,대전광역시,대전BIS
DJB8005894,수도시설관리사업소,36.36178,127.43398,2025-10-31,51460,25,대전광역시,대전BIS
DJB8005895,수도시설관리사업소,36.36199,127.434,2025-10-31,51470,25,대전광역시,대전BIS
DJB8005896,뉴로스,36.41744,127.41149,2025-10-31,44370,25,대전광역시,대전BIS
DJB8005897,뉴로스,36.417477,127.41175,2025-10-31,44390,25,대전광역시,대전BIS
DJB8005898,조폐공사ID본부,36.41438,127.41159,2025-10-31,44380,25,대전광역시,대전BIS
DJB8005899,조폐공사ID본부,36.41389,127.41135,2025-10-31,44360,25,대전광역시,대전BIS
DJB8005900,하기동,36.38441,127.33991,2025-10-31,45230,25,대전광역시,대전BIS
DJB8005901,대전컨벤션센터,36.374454,127.392265,2025-10-31,43280,25,대전광역시,대전BIS
DJB8005902,반석마을3단지,36.38708,127.31569,2025-10-31,42320,25,대전광역시,대전BIS
DJB8005905,노은동화훼단지,36.369205,127.327194,2025-10-31,42290,25,대전광역시,대전BIS
DJB8005906,반석마을5단지,36.391582,127.312584,2025-10-31,43930,25,대전광역시,대전BIS
DJB8005907,반석마을5단지,36.390675,127.31187,2025-10-31,45240,25,대전광역시,대전BIS
DJB8005908,둔천초등학교,36.36903,127.374466,2025-10-31,34670,25,대전광역시,대전BIS
DJB8005909,한마음동산,36.344276,127.36867,2025-10-31,34820,25,대전광역시,대전BIS
DJB8005910,변전소네거리,36.32936,127.375946,2025-10-31,30240,25,대전광역시,대전BIS
DJB8005911,추부중학교입구,36.191906,127.46559,2025-10-31,74670,25,대전광역시,대전BIS
DJB8005912,추부중학교입구,36.19117,127.46536,2025-10-31,74660,25,대전광역시,대전BIS
DJB8005913,초록마을5단지,36.29839,127.37611,2025-10-31,30080,25,대전광역시,대전BIS
DJB8005914,복수동사정교,36.297802,127.37948,2025-10-31,30150,25,대전광역시,대전BIS
DJB8005915,사정교,36.295982,127.38366,2025-10-31,22530,25,대전광역시,대전BIS
DJB8005916,사정교,36.29575,127.38379,2025-10-31,22510,25,대전광역시,대전BIS
DJB8005917,KT서대전지사입구,36.33732,127.38597,2025-10-31,31410,25,대전광역시,대전BIS
DJB8005918,목련아파트,36.35047,127.39005,2025-10-31,34760,25,대전광역시,대전BIS
DJB8005919,가장제일장로교회,36.328568,127.38338,2025-10-31,31470,25,대전광역시,대전BIS
DJB8005920,변동복개도로,36.328163,127.383804,2025-10-31,30360,25,대전광역시,대전BIS
DJB8005921,유림공원,36.359795,127.35468,2025-10-31,45290,25,대전광역시,대전BIS
DJB8005922,한밭도서관후문,36.31012,127.41141,2025-10-31,23150,25,대전광역시,대전BIS
DJB8005923,대자연아파트,36.315403,127.41748,2025-10-31,23130,25,대전광역시,대전BIS
DJB8005924,충남대학병원동문,36.317757,127.41753,2025-10-31,23180,25,대전광역시,대전BIS
DJB8005925,DCC종점,36.37622,127.38975,2025-10-31,45320,25,대전광역시,대전BIS
DJB8005926,천연기념물센터,36.367397,127.39311,2025-10-31,34780,25,대전광역시,대전BIS
DJB8005927,천연기념물센터,36.367416,127.393555,2025-10-31,34790,25,대전광역시,대전BIS
DJB8005928,온천2동주민센터,36.365158,127.33516,2025-10-31,45280,25,대전광역시,대전BIS
DJB8005934,안복수길,36.29677,127.37684,2025-10-31,23170,25,대전광역시,대전BIS
DJB8005935,안복수길,36.29668,127.37679,2025-10-31,23160,25,대전광역시,대전BIS
DJB8005936,장동예비군훈련장,36.406788,127.42996,2025-10-31,53080,25,대전광역시,대전BIS
DJB8005937,장동,36.416847,127.44119,2025-10-31,52500,25,대전광역시,대전BIS
DJB8005938,진골마을,36.41528,127.44235,2025-10-31,53120,25,대전광역시,대전BIS
DJB8005939,진골마을,36.415333,127.44227,2025-10-31,53110,25,대전광역시,대전BIS
DJB8005940,장동예비군훈련장,36.406693,127.43019,2025-10-31,53090,25,대전광역시,대전BIS
DJB8005941,구즉동주민센터입구,36.439846,127.38681,2025-10-31,45330,25,대전광역시,대전BIS
DJB8005942,구즉동주민센터입구,36.44009,127.38679,2025-10-31,45340,25,대전광역시,대전BIS
DJB8005943,한국천문연구원,36.399807,127.3743,2025-10-31,46010,25,대전광역시,대전BIS
DJB8005944,한국천문연구원,36.40003,127.374054,2025-10-31,46020,25,대전광역시,대전BIS
DJB8005945,가화리,36.30448,127.56363,2025-10-31,5945,25,대전광역시,대전BIS
DJB8005946,중구국민체육센터,36.329857,127.41893,2025-10-31,23190,25,대전광역시,대전BIS
DJB8005947,경남아파트,36.322433,127.36838,2025-10-31,30370,25,대전광역시,대전BIS
DJB8005948,경남아파트,36.32261,127.369026,2025-10-31,30400,25,대전광역시,대전BIS
DJB8005950,연구개발특구진흥재단,36.37544,127.39328,2025-10-31,45550,25,대전광역시,대전BIS
DJB8005951,파라곤아파트,36.320885,127.38693,2025-10-31,23220,25,대전광역시,대전BIS
DJB8005952,버드내아파트,36.31661,127.38671,2025-10-31,23210,25,대전광역시,대전BIS
DJB8005953,화인테크,36.419888,127.41007,2025-10-31,45420,25,대전광역시,대전BIS
DJB8005954,화인테크,36.42005,127.41027,2025-10-31,46250,25,대전광역시,대전BIS
DJB8005955,대청ENG,36.41205,127.40983,2025-10-31,45430,25,대전광역시,대전BIS
DJB8005957,한들교,36.428307,127.39806,2025-10-31,45400,25,대전광역시,대전BIS
DJB8005958,기성농협,36.253403,127.34102,2025-10-31,33700,25,대전광역시,대전BIS
GGB183500010,대전복합터미널,36.3520167,127.4373167,2025-10-31,0,25,대전광역시,경기BIS
GGB183500020,대전복합터미널,36.3510333,127.4367667,2025-10-31,0,25,대전광역시,경기BIS
GGB184500010,대전서부터미널,36.3131833,127.3886167,2025-10-31,0,25,대전광역시,경기BIS
GGB185500010,대전청사,36.3576,127.3807833,2025-10-31,0,25,대전광역시,경기BIS
GGB185500020,대전청사,36.3578667,127.3817333,2025-10-31,0,25,대전광역시,경기BIS
GGB186500010,유성시외버스정류소,36.35615,127.3305333,2025-10-31,0,25,대전광역시,경기BIS
GGB186500020,유성시외버스정류소,36.3561167,127.3306333,2025-10-31,0,25,대전광역시,경기BIS
GGB277101137,신탄진IC(미정차),36.43985,127.4196333,2025-10-31,0,25,대전광역시,경기BIS
GGB277101138,신탄진IC(미정차),36.4398333,127.4202667,2025-10-31,0,25,대전광역시,경기BIS
GGB277101139,신탄진휴게소(미정차),36.4260333,127.41715,2025-10-31,0,25,대전광역시,경기BIS
GGB277101140,회덕JC(미정차),36.4050833,127.4192667,2025-10-31,0,25,대전광역시,경기BIS
GGB277101141,회덕JC(미정차),36.4050167,127.4195833,2025-10-31,0,25,대전광역시,경기BIS
GGB277101142,회덕JC(미정차),36.4051167,127.41345,2025-10-31,0,25,대전광역시,경기BIS
GGB277101143,회덕JC(미정차),36.4047167,127.4133667,2025-10-31,0,25,대전광역시,경기BIS
GGB277101144,대전IC(미정차),36.3638667,127.45035,2025-10-31,0,25,대전광역시,경기BIS
GGB277101145,대전IC(미정차),36.3641167,127.4505833,2025-10-31,0,25,대전광역시,경기BIS
GGB277101146,대전TG(미정차),36.3609,127.4485333,2025-10-31,0,25,대전광역시,경기BIS
GGB277101147,대전TG(미정차),36.3606333,127.4488667,2025-10-31,0,25,대전광역시,경기BIS
GGB277101148,비룡JC(미정차),36.3452833,127.4824667,2025-10-31,0,25,대전광역시,경기BIS
GGB277101149,비룡JC(미정차),36.3450333,127.4825,2025-10-31,0,25,대전광역시,경기BIS
GGB277101519,계룡IC(미정차),36.25255,127.2798667,2025-10-31,0,25,대전광역시,경기BIS
GGB277101520,계룡IC(미정차),36.2522333,127.2801333,2025-10-31,0,25,대전광역시,경기BIS
GGB277101521,서대전JC(미정차),36.29425,127.3158,2025-10-31,0,25,대전광역시,경기BIS
GGB277101522,서대전JC(미정차),36.2939333,127.3162333,2025-10-31,0,25,대전광역시,경기BIS
GGB277101523,유성IC(미정차),36.3644333,127.33095,2025-10-31,0,25,대전광역시,경기BIS
GGB277101524,유성IC(미정차),36.3636,127.3311333,2025-10-31,0,25,대전광역시,경기BIS
GGB277101525,유성TG(미정차),36.3641833,127.3286833,2025-10-31,0,25,대전광역시,경기BIS
GGB277101526,유성TG(미정차),36.3644333,127.3286667,2025-10-31,0,25,대전광역시,경기BIS
GGB277101527,유성JC(미정차),36.3896167,127.3398167,2025-10-31,0,25,대전광역시,경기BIS
GGB277101528,유성JC(미정차),36.3895,127.3402833,2025-10-31,0,25,대전광역시,경기BIS
GGB277101529,북대전IC(미정차),36.4115167,127.38155,2025-10-31,0,25,대전광역시,경기BIS
GGB277101530,북대전IC(미정차),36.4111333,127.3812833,2025-10-31,0,25,대전광역시,경기BIS
